category,min,max,mean,stddev,sum,count
E02000746,0,0,0.00,0.00,0,3
E02000887,1,1,1.00,0.00,4,4
E02000741,1,1,1.00,0.00,14,14
E02000215,0,1,0.50,0.71,1,2
E02000132,0,0,0.00,0.00,0,1
E02000190,3,4,3.50,0.58,14,4
E02000646,0,0,0.00,0.00,0,25
E02000131,0,0,0.00,0.00,0,18
E02000136,0,0,0.00,0.00,0,2
E02000528,0,1,0.40,0.50,19,47
E02000642,0,0,0.00,0.00,0,47
E02000623,0,0,0.00,0.00,0,3
E02000525,0,0,0.00,0.00,0,11
E02000524,0,0,0.00,0.00,0,3
E02000138,0,0,0.00,0.00,0,16
E02000139,0,0,0.00,0.00,0,29
E02000648,0,0,0.00,0.00,0,10
E02000620,1,3,2.29,0.55,55,24
E02000193,2,4,3.57,0.79,25,7
E02000194,0,0,0.00,0.00,0,1
E02000627,0,2,0.71,0.59,12,17
E02000502,0,0,0.00,0.00,0,3
E02000540,0,1,0.88,0.34,21,24
E02000628,1,2,1.48,0.51,37,25
E02000738,0,1,0.50,0.71,1,2
E02000739,1,1,1.00,0.00,13,13
E02000580,1,2,1.35,0.48,349,258
E02000730,0,0,0.00,0.00,0,15
E02000731,0,1,0.75,0.44,15,20
E02000732,0,1,0.26,0.45,7,27
E02000733,0,1,0.24,0.43,22,92
E02000734,0,1,0.79,0.41,30,38
E02000735,0,1,0.38,0.49,14,37
E02000736,0,0,0.00,0.00,0,23
E02000737,1,1,1.00,0.00,3,3
E02000631,1,1,1.00,0.00,20,20
E02000227,0,0,0.00,0.00,0,48
E02000224,0,0,0.00,0.00,0,42
E02000632,0,1,0.43,0.51,6,14
E02000222,0,1,0.06,0.24,1,18
E02000634,0,1,0.91,0.29,20,22
E02000189,3,3,3.00,0.00,87,29
E02000188,3,6,4.73,1.10,71,15
E02000639,0,0,0.00,0.00,0,4
E02000638,0,2,0.04,0.29,2,46
E02000185,0,0,0.00,0.00,0,11
E02000184,1,5,2.33,1.11,245,105
E02000182,2,2,2.00,0.00,50,25
E02000181,0,2,0.66,0.66,392,591
E02000180,1,3,1.63,0.94,57,35
E02000910,0,1,0.78,0.42,1814,2336
E02000911,0,1,0.25,0.43,462,1866
E02000912,0,1,0.38,0.49,226,596
E02000913,1,1,1.00,0.00,592,592
E02000914,0,1,1.00,0.03,1425,1426
E02000915,1,1,1.00,0.00,175,175
E02000916,0,1,0.50,0.53,4,8
E02000917,1,1,1.00,0.00,11,11
E02000918,1,1,1.00,0.00,52,52
E02000850,0,0,0.00,0.00,0,1
E02000855,0,0,0.00,0.00,0,3
E02000856,1,1,1.00,0.00,1,1
E02000960,0,3,1.46,0.74,177,121
E02000455,1,1,1.00,0.00,2,2
E02000454,0,0,0.00,0.00,0,6
E02000358,0,2,1.00,0.27,29,29
E02000359,1,2,1.07,0.26,45,42
E02000983,1,4,2.19,0.61,236,108
E02000829,1,1,1.00,0.00,7,7
E02000981,1,4,1.92,0.74,125,65
E02000980,1,4,2.77,0.96,108,39
E02000352,0,0,0.00,0.00,0,17
E02000825,1,1,1.00,0.00,1,1
E02000350,1,2,1.03,0.17,34,33
E02000351,0,2,0.18,0.60,2,11
E02000820,2,4,2.79,0.48,95,34
E02000821,1,1,1.00,0.00,24,24
E02000354,1,2,1.32,0.47,78,59
E02000355,1,2,1.59,0.51,27,17
E02000644,0,0,0.00,0.00,0,4
E02000133,0,0,0.00,0.00,0,4
E02000130,0,0,0.00,0.00,0,237
E02000847,0,0,0.00,0.00,0,6
E02000647,0,0,0.00,0.00,0,21
E02000641,0,0,0.00,0.00,0,17
E02000160,0,0,0.00,0.00,0,1
E02000579,1,2,1.53,0.50,411,268
E02000134,0,0,0.00,0.00,0,2
E02000135,0,0,0.00,0.00,0,36
E02000169,0,2,1.08,0.79,65,60
E02000168,1,3,2.26,0.56,43,19
E02000526,1,1,1.00,0.00,1,1
E02000723,0,1,0.25,0.50,1,4
E02000520,0,0,0.00,0.00,0,14
E02000178,0,1,0.31,0.46,57,185
E02000179,1,2,1.66,0.48,48,29
E02000176,2,2,2.00,0.00,12,6
E02000177,2,3,2.11,0.32,40,19
E02000174,2,3,2.33,0.50,21,9
E02000175,0,1,0.63,0.49,25,40
E02000172,2,3,2.95,0.23,56,19
E02000173,1,2,1.16,0.37,52,45
E02000170,0,0,0.00,0.00,0,2
E02000171,2,2,2.00,0.00,42,21
E02000070,0,0,0.00,0.00,0,2
E02000079,0,0,0.00,0.00,0,3
E02000078,0,0,0.00,0.00,0,1
E02006853,0,0,0.00,0.00,0,89
E02000819,0,0,0.00,0.00,0,2
E02006854,0,1,0.25,0.50,1,4
E02000389,1,2,1.17,0.41,7,6
E02000388,2,2,2.00,0.00,10,5
E02000385,1,2,1.93,0.27,27,14
E02000384,1,2,1.12,0.33,47,42
E02000387,2,2,2.00,0.00,6,3
E02000386,1,2,1.89,0.32,51,27
E02000381,0,2,1.47,0.79,81,55
E02000380,0,4,0.81,1.00,30,37
E02000383,1,2,1.80,0.40,551,306
E02000382,0,1,0.76,0.43,48,63
E02000777,0,1,0.02,0.15,1,46
E02000773,0,0,0.00,0.00,0,3
E02000675,0,1,0.07,0.25,2,30
E02000677,1,1,1.00,0.00,14,14
E02000671,1,1,1.00,0.00,13,13
E02000779,0,0,0.00,0.00,0,1
E02000673,1,1,1.00,0.00,2,2
E02000672,1,1,1.00,0.00,188,188
E02000572,1,4,2.88,1.01,302,105
E02000573,2,3,2.25,0.50,9,4
E02000570,1,4,2.94,1.21,53,18
E02000571,1,3,1.95,0.39,39,20
E02000576,3,4,3.19,0.40,83,26
E02000577,0,1,0.98,0.14,53,54
E02000574,2,3,2.92,0.27,155,53
E02000575,3,4,3.31,0.47,232,70
E02000578,0,2,0.93,0.52,56,60
E02000430,1,1,1.00,0.00,22,22
E02000815,1,4,2.70,1.06,27,10
E02000814,0,0,0.00,0.00,0,171
E02000798,0,1,0.01,0.09,1,130
E02000799,0,0,0.00,0.00,0,1
E02000810,2,2,2.00,0.00,2,1
E02000813,0,1,0.16,0.37,3,19
E02000812,1,5,1.67,0.83,45,27
E02000792,0,0,0.00,0.00,0,21
E02000790,1,1,1.00,0.00,1,1
E02000791,0,0,0.00,0.00,0,14
E02000796,0,0,0.00,0.00,0,1
E02000818,2,2,2.00,0.00,60,30
E02000794,1,1,1.00,0.00,55,55
E02000795,0,1,0.29,0.49,2,7
E02006929,0,1,0.24,0.44,7,29
E02006928,0,1,0.60,0.55,3,5
E02006927,0,1,0.92,0.27,24,26
E02006925,0,0,0.00,0.00,0,11
E02006924,0,0,0.00,0.00,0,7
E02006921,1,1,1.00,0.00,1,1
E02000491,0,0,0.00,0.00,0,4
E02000493,0,0,0.00,0.00,0,1
E02000495,0,0,0.00,0.00,0,29
E02000494,0,0,0.00,0.00,0,1
E02000499,0,0,0.00,0.00,0,5
E02000010,0,1,0.82,0.39,18,22
E02000316,0,1,0.81,0.39,44,54
E02000700,0,0,0.00,0.00,0,16
E02000314,0,0,0.00,0.00,0,12
E02000702,0,1,0.02,0.15,1,44
E02000312,0,0,0.00,0.00,0,168
E02000704,0,2,0.83,0.77,34,41
E02000259,1,1,1.00,0.00,12,12
E02000258,0,0,0.00,0.00,0,39
E02000257,0,1,0.29,0.49,2,7
E02000256,0,1,0.15,0.36,14,94
E02000255,0,1,0.86,0.36,30,35
E02000254,1,1,1.00,0.00,1,1
E02000253,1,1,1.00,0.00,2,2
E02000252,0,1,0.48,0.51,22,46
E02000318,0,1,0.88,0.35,7,8
E02000319,0,1,0.60,0.55,3,5
E02000929,1,1,1.00,0.00,11,11
E02000928,0,2,0.38,0.77,5,13
E02000440,0,0,0.00,0.00,0,14
E02000921,0,1,0.66,0.48,65,98
E02000920,0,1,0.34,0.48,10,29
E02000923,0,1,0.80,0.45,4,5
E02000922,0,0,0.00,0.00,0,8
E02000925,0,1,0.13,0.35,4,30
E02000924,0,2,0.79,0.98,15,19
E02000927,0,0,0.00,0.00,0,4
E02000926,0,1,0.78,0.42,21,27
E02000744,0,0,0.00,0.00,0,1
E02000408,0,1,0.86,0.35,118,137
E02000958,0,1,0.11,0.32,2,18
E02000959,0,1,0.83,0.38,38,46
E02000403,0,1,0.22,0.42,23,105
E02000400,0,0,0.00,0.00,0,111
E02000957,1,1,1.00,0.00,22,22
E02000406,1,1,1.00,0.00,2,2
E02000951,1,1,1.00,0.00,2,2
E02000405,1,1,1.00,0.00,2,2
E02000315,0,0,0.00,0.00,0,3
E02000032,0,0,0.00,0.00,0,108
E02000031,0,0,0.00,0.00,0,29
E02000839,0,0,0.00,0.00,0,14
E02000035,0,0,0.00,0.00,0,1
E02000034,0,0,0.00,0.00,0,1
E02000038,0,0,0.00,0.00,0,12
E02000448,0,0,0.00,0.00,0,4
E02000317,1,1,1.00,0.00,4,4
E02000340,0,2,0.67,0.52,136,202
E02006791,0,0,0.00,0.00,0,4
E02006792,0,0,0.00,0.00,0,1
E02006793,1,1,1.00,0.00,66,66
E02006794,1,1,1.00,0.00,132,132
E02006796,0,0,0.00,0.00,0,6
E02006798,0,1,0.23,0.43,8,35
E02006799,0,0,0.00,0.00,0,51
E02000311,0,2,0.72,0.49,42,58
E02000708,0,0,0.00,0.00,0,1
E02000107,0,0,0.00,0.00,0,139
E02000106,0,0,0.00,0.00,0,222
E02000105,0,0,0.00,0.00,0,51
E02000103,0,0,0.00,0.00,0,43
E02000102,0,0,0.00,0.00,0,173
E02000101,0,0,0.00,0.00,0,3
E02000539,1,1,1.00,0.00,1,1
E02000536,0,0,0.00,0.00,0,2
E02000534,1,1,1.00,0.00,5,5
E02000532,0,0,0.00,0.00,0,5
E02000533,0,0,0.00,0.00,0,4
E02000109,0,0,0.00,0.00,0,30
E02000531,0,1,0.41,0.50,12,29
E02000299,0,2,0.16,0.45,25,152
E02000250,0,1,0.02,0.12,5,316
E02000698,0,0,0.00,0.00,0,1
E02000697,1,2,1.05,0.21,23,22
E02000696,0,1,0.73,0.45,32,44
E02000695,1,1,1.00,0.00,1,1
E02000694,1,1,1.00,0.00,15,15
E02000693,1,1,1.00,0.00,13,13
E02000692,0,1,0.87,0.33,96,110
E02000691,0,1,0.79,0.41,115,146
E02000690,0,0,0.00,0.00,0,12
E02006801,1,4,2.80,1.64,14,5
E02006802,4,4,4.00,0.00,4,1
E02000749,0,1,0.79,0.42,15,19
E02000748,0,1,0.75,0.46,6,8
E02000630,0,0,0.00,0.00,0,1
E02000213,1,1,1.00,0.00,22,22
E02000212,1,1,1.00,0.00,3,3
E02000747,0,1,0.27,0.45,9,33
E02000210,0,0,0.00,0.00,0,4
E02000217,1,1,1.00,0.00,1,1
E02000740,0,1,0.09,0.29,6,66
E02000743,0,0,0.00,0.00,0,31
E02000622,1,2,1.86,0.35,82,44
E02000191,2,5,2.73,0.80,41,15
E02000192,3,4,3.56,0.53,32,9
E02000588,1,3,1.30,0.48,278,214
E02000626,1,2,1.08,0.28,77,71
E02000195,0,0,0.00,0.00,0,11
E02000624,1,2,1.85,0.36,100,54
E02000625,0,3,1.50,2.12,3,2
E02000583,0,3,0.69,0.69,93,135
E02000582,1,2,1.08,0.28,243,224
E02000581,0,2,1.10,0.66,45,41
E02000629,0,1,0.08,0.28,1,13
E02000587,1,2,1.53,0.50,171,112
E02000586,0,2,0.98,0.29,209,213
E02000585,0,2,0.28,0.48,42,151
E02000584,0,2,1.16,0.51,113,97
E02000965,0,2,1.19,0.39,714,602
E02000964,0,2,1.05,0.28,1761,1679
E02000967,2,4,2.58,0.74,783,304
E02000966,0,3,1.51,0.58,1100,729
E02000961,0,2,0.48,0.57,93,195
E02000637,0,2,0.25,0.71,2,8
E02000963,0,1,0.27,0.45,605,2205
E02000962,1,3,1.89,0.77,70,37
E02000842,0,0,0.00,0.00,0,8
E02000843,1,1,1.00,0.00,6,6
E02000636,0,0,0.00,0.00,0,2
E02000969,1,2,1.88,0.33,289,154
E02000968,2,3,2.02,0.14,689,341
E02000187,1,4,3.00,0.94,30,10
E02000503,0,0,0.00,0.00,0,2
E02000186,2,5,4.06,0.55,467,115
E02000447,0,0,0.00,0.00,0,1
E02000445,1,1,1.00,0.00,2,2
E02000369,1,4,2.12,0.99,89,42
E02000368,1,3,1.78,0.51,48,27
E02000367,2,3,2.24,0.43,83,37
E02000366,1,2,1.58,0.50,90,57
E02000365,1,3,1.29,0.51,98,76
E02000364,1,2,1.35,0.49,23,17
E02000363,1,2,1.11,0.32,21,19
E02000362,1,1,1.00,0.00,75,75
E02000361,2,2,2.00,0.00,112,56
E02000360,1,2,1.36,0.49,38,28
E02000146,0,0,0.00,0.00,0,1
E02000715,0,0,0.00,0.00,0,30
E02000919,1,1,1.00,0.00,1,1
E02000558,1,3,1.92,0.72,46,24
E02000225,0,0,0.00,0.00,0,2
E02000120,0,0,0.00,0.00,0,74
E02000944,0,0,0.00,0.00,0,9
E02000651,1,1,1.00,0.00,4,4
E02000068,0,0,0.00,0.00,0,3
E02000142,0,1,0.82,0.39,40,49
E02000141,0,0,0.00,0.00,0,38
E02000650,0,0,0.00,0.00,0,18
E02000342,0,1,0.33,0.48,8,24
E02000145,0,0,0.00,0.00,0,22
E02000144,0,0,0.00,0.00,0,1
E02000061,0,2,0.90,0.99,9,10
E02000149,0,0,0.00,0.00,0,1
E02000063,0,0,0.00,0.00,0,144
E02000064,0,0,0.00,0.00,0,2
E02000065,0,0,0.00,0.00,0,23
E02000066,0,0,0.00,0.00,0,90
E02000067,0,0,0.00,0.00,0,1
E02000127,0,0,0.00,0.00,0,21
E02000654,0,1,0.33,0.52,2,6
E02000125,0,0,0.00,0.00,0,456
E02000706,0,0,0.00,0.00,0,6
E02000552,0,0,0.00,0.00,0,9
E02000789,0,0,0.00,0.00,0,8
E02000553,0,0,0.00,0.00,0,4
E02000861,0,0,0.00,0.00,0,3
E02000398,0,1,0.56,0.50,70,125
E02000396,0,1,0.79,0.41,30,38
E02000397,0,0,0.00,0.00,0,53
E02000395,1,2,1.02,0.13,235,231
E02000392,1,2,1.65,0.48,173,105
E02000220,1,1,1.00,0.00,4,4
E02000390,1,2,1.70,0.47,46,27
E02000391,1,2,1.06,0.23,284,269
E02000668,1,1,1.00,0.00,105,105
E02000666,1,1,1.00,0.00,2,2
E02000667,1,1,1.00,0.00,56,56
E02000664,1,1,1.00,0.00,19,19
E02000665,1,1,1.00,0.00,154,154
E02000662,0,2,0.44,0.80,12,27
E02000660,1,1,1.00,0.00,6,6
E02000661,1,1,1.00,0.00,215,215
E02000547,0,0,0.00,0.00,0,39
E02000546,0,0,0.00,0.00,0,42
E02000097,0,0,0.00,0.00,0,1
E02000091,1,1,1.00,0.00,23,23
E02000090,1,1,1.00,0.00,153,153
E02000541,0,0,0.00,0.00,0,67
E02000092,0,1,0.16,0.37,23,144
E02000221,1,1,1.00,0.00,1,1
E02000099,0,1,0.82,0.40,9,11
E02000549,0,0,0.00,0.00,0,69
E02000548,0,0,0.00,0.00,0,11
E02000806,0,0,0.00,0.00,0,4
E02000807,0,0,0.00,0.00,0,110
E02000804,0,0,0.00,0.00,0,11
E02000805,0,1,0.33,0.52,2,6
E02000802,0,0,0.00,0.00,0,596
E02000803,0,0,0.00,0.00,0,16
E02000800,0,1,0.06,0.24,1,17
E02000801,0,0,0.00,0.00,0,372
E02000501,0,0,0.00,0.00,0,3
E02000808,2,6,3.06,1.16,55,18
E02000809,0,1,0.47,0.52,7,15
E02006930,0,0,0.00,0.00,0,14
E02006931,1,1,1.00,0.00,13,13
E02000955,1,1,1.00,0.00,7,7
E02000956,1,1,1.00,0.00,79,79
E02000482,0,0,0.00,0.00,0,2
E02000481,0,0,0.00,0.00,0,3
E02000486,0,0,0.00,0.00,0,17
E02000898,0,0,0.00,0.00,0,140
E02000485,0,0,0.00,0.00,0,2
E02000895,0,0,0.00,0.00,0,101
E02000894,0,0,0.00,0.00,0,53
E02000488,0,1,0.08,0.26,15,199
E02000896,0,0,0.00,0.00,0,108
E02000891,0,1,0.06,0.24,4,65
E02000890,1,2,1.81,0.40,29,16
E02000893,0,0,0.00,0.00,0,7
E02000407,1,1,1.00,0.00,1,1
E02000240,0,0,0.00,0.00,0,1
E02000713,0,0,0.00,0.00,0,6
E02000710,1,1,1.00,0.00,2,2
E02000711,1,1,1.00,0.00,1,1
E02000244,0,0,0.00,0.00,0,2
E02000245,0,0,0.00,0.00,0,1
E02000714,0,0,0.00,0.00,0,42
E02000247,0,1,0.14,0.36,2,14
E02000248,0,0,0.00,0.00,0,49
E02000249,1,1,1.00,0.00,1,1
E02000718,0,0,0.00,0.00,0,45
E02000719,0,1,0.10,0.30,7,70
E02000545,1,1,1.00,0.00,8,8
E02000938,0,2,0.15,0.44,5,33
E02000932,0,2,1.17,0.98,7,6
E02000933,0,1,0.26,0.44,8,31
E02000930,0,1,0.75,0.44,15,20
E02000931,0,0,0.00,0.00,0,1
E02000936,0,2,0.45,0.64,18,40
E02000937,0,0,0.00,0.00,0,3
E02000934,0,1,0.60,0.55,3,5
E02000935,0,0,0.00,0.00,0,22
E02000062,0,0,0.00,0.00,0,318
E02000456,1,1,1.00,0.00,5,5
E02000439,0,0,0.00,0.00,0,11
E02000434,0,0,0.00,0.00,0,72
E02000433,0,0,0.00,0.00,0,31
E02000432,0,1,0.94,0.24,32,34
E02000431,1,1,1.00,0.00,42,42
E02000982,1,3,2.05,0.46,174,85
E02000337,0,2,0.65,0.54,119,182
E02000024,0,1,0.67,0.58,2,3
E02000025,0,0,0.00,0.00,0,7
E02000027,0,1,0.50,0.71,1,2
E02000020,0,0,0.00,0.00,0,68
E02000021,0,0,0.00,0.00,0,1
E02000022,0,0,0.00,0.00,0,1
E02000023,0,0,0.00,0.00,0,54
E02000542,0,0,0.00,0.00,0,6
E02000717,0,0,0.00,0.00,0,34
E02000826,2,2,2.00,0.00,2,1
E02000827,2,2,2.00,0.00,20,10
E02000356,0,2,0.80,1.03,8,10
E02000357,1,1,1.00,0.00,10,10
E02000822,1,2,1.67,0.48,35,21
E02000353,0,0,0.00,0.00,0,9
E02000823,2,2,2.00,0.00,26,13
E02000331,1,1,1.00,0.00,30,30
E02000441,0,0,0.00,0.00,0,10
E02000293,0,1,0.93,0.26,351,379
E02000292,0,2,0.38,0.59,132,347
E02000291,0,2,0.69,0.47,221,320
E02000290,0,0,0.00,0.00,0,275
E02000297,0,2,0.81,0.48,514,633
E02000296,0,0,0.00,0.00,0,242
E02000295,0,0,0.00,0.00,0,146
E02000294,0,0,0.00,0.00,0,530
E02000110,0,0,0.00,0.00,0,66
E02000112,0,0,0.00,0.00,0,12
E02000298,0,1,0.32,0.47,29,91
E02000115,0,1,0.04,0.19,3,81
E02000116,0,0,0.00,0.00,0,9
E02000117,0,0,0.00,0.00,0,9
E02000051,0,0,0.00,0.00,0,1
E02000050,1,1,1.00,0.00,2,2
E02000053,0,0,0.00,0.00,0,27
E02000055,0,0,0.00,0.00,0,189
E02000054,0,0,0.00,0.00,0,198
E02000057,0,0,0.00,0.00,0,3
E02000056,1,1,1.00,0.00,3,3
E02000058,0,0,0.00,0.00,0,18
E02000509,1,1,1.00,0.00,1,1
E02000508,0,1,0.56,0.53,5,9
E02000307,1,1,1.00,0.00,23,23
E02000203,1,1,1.00,0.00,1,1
E02000680,1,1,1.00,0.00,1,1
E02000682,1,1,1.00,0.00,12,12
E02000683,0,0,0.00,0.00,0,25
E02000685,0,2,1.17,0.98,7,6
E02000686,1,1,1.00,0.00,4,4
E02000687,0,2,0.49,0.52,44,90
E02000689,0,1,0.88,0.35,7,8
E02000208,1,1,1.00,0.00,1,1
E02000758,0,0,0.00,0.00,0,3
E02000759,0,1,0.20,0.45,1,5
E02000756,0,0,0.00,0.00,0,11
E02000757,0,0,0.00,0.00,0,8
E02000206,1,1,1.00,0.00,3,3
E02000755,0,0,0.00,0.00,0,5
E02000200,0,0,0.00,0.00,0,6
E02000201,0,0,0.00,0.00,0,49
E02000750,0,0,0.00,0.00,0,45
E02000751,0,0,0.00,0.00,0,6
E02000617,0,0,0.00,0.00,0,9
E02000616,0,0,0.00,0.00,0,154
E02000615,0,0,0.00,0.00,0,88
E02000614,0,0,0.00,0.00,0,176
E02000613,0,0,0.00,0.00,0,251
E02000599,1,1,1.00,0.00,15,15
E02000611,0,0,0.00,0.00,0,21
E02000610,0,0,0.00,0.00,0,436
E02000594,0,3,1.03,0.49,39,38
E02000595,1,2,1.05,0.21,68,65
E02000596,1,1,1.00,0.00,79,79
E02000597,1,1,1.00,0.00,135,135
E02000590,1,2,1.29,0.46,27,21
E02000591,1,2,1.04,0.19,112,108
E02000592,1,2,1.02,0.14,155,152
E02000593,1,2,1.30,0.46,135,104
E02000976,1,2,1.49,0.50,484,325
E02000977,2,5,3.43,0.74,806,235
E02000974,2,3,2.04,0.19,1033,507
E02000975,1,4,1.91,0.31,931,488
E02000972,2,5,3.07,0.60,509,166
E02000973,1,2,1.93,0.26,1055,548
E02000970,2,5,2.66,0.86,2204,829
E02000878,1,4,2.74,0.98,74,27
E02000877,1,1,1.00,0.00,97,97
E02000876,1,2,1.65,0.49,43,26
E02000875,0,1,0.80,0.41,24,30
E02000874,1,4,1.58,0.70,82,52
E02000873,1,1,1.00,0.00,10,10
E02000872,1,3,2.60,0.89,13,5
E02000871,0,2,1.02,0.34,88,86
E02000979,1,5,2.27,1.49,34,15
E02000881,0,0,0.00,0.00,0,14
E02000479,1,1,1.00,0.00,1,1
E02000234,0,0,0.00,0.00,0,40
E02000472,0,1,0.76,0.44,16,21
E02000237,0,0,0.00,0.00,0,1
E02000475,0,0,0.00,0.00,0,2
E02000370,2,3,2.50,0.58,10,4
E02000278,0,0,0.00,0.00,0,631
E02000372,0,3,1.19,1.14,76,64
E02000373,1,1,1.00,0.00,67,67
E02000374,0,1,0.98,0.13,107,109
E02000375,0,4,1.88,1.09,79,42
E02000376,0,4,0.96,1.04,80,83
E02000377,0,1,0.25,0.44,27,107
E02000271,0,1,0.50,0.71,1,2
E02000270,0,0,0.00,0.00,0,12
E02000275,0,1,0.25,0.50,1,4
E02000274,0,0,0.00,0.00,0,2
E02000277,0,0,0.00,0.00,0,785
E02000230,0,0,0.00,0.00,0,1
E02000721,0,0,0.00,0.00,0,34
E02000621,0,3,1.75,0.87,21,12
E02000643,0,0,0.00,0.00,0,1
E02000207,0,0,0.00,0.00,0,5
E02000309,0,1,0.36,0.50,5,14
E02000019,0,0,0.00,0.00,0,70
E02000018,0,0,0.00,0.00,0,4
E02000152,0,1,0.25,0.50,1,4
E02000014,0,0,0.00,0.00,0,28
E02000016,0,0,0.00,0.00,0,9
E02000011,0,0,0.00,0.00,0,5
E02000159,0,1,0.75,0.46,6,8
E02000013,0,0,0.00,0.00,0,32
E02000589,1,1,1.00,0.00,83,83
E02000598,0,0,0.00,0.00,0,1
E02000428,0,1,0.25,0.50,1,4
E02000653,0,0,0.00,0.00,0,37
E02000559,0,2,0.36,0.67,36,100
E02000123,0,0,0.00,0.00,0,48
E02000122,0,0,0.00,0.00,0,425
E02000657,1,2,1.82,0.40,20,11
E02000124,0,1,0.08,0.28,61,723
E02000655,0,1,0.18,0.39,9,51
E02000126,0,1,0.47,0.50,88,187
E02000550,0,0,0.00,0.00,0,78
E02000128,0,0,0.00,0.00,0,58
E02000659,1,1,1.00,0.00,62,62
E02000658,0,2,0.88,0.45,37,42
E02000554,1,2,1.01,0.11,258,255
E02000555,1,2,1.01,0.10,222,220
E02000556,1,2,1.09,0.28,175,161
E02000557,1,2,1.13,0.34,59,52
E02000086,0,1,0.12,0.33,3,25
E02000087,0,1,0.25,0.45,4,16
E02000085,0,0,0.00,0.00,0,13
E02000082,0,1,0.18,0.40,2,11
E02000619,1,3,1.90,0.46,127,67
E02000080,1,1,1.00,0.00,2,2
E02000081,0,0,0.00,0.00,0,5
E02000088,1,1,1.00,0.00,3,3
E02000089,0,0,0.00,0.00,0,4
E02000649,0,2,1.48,0.60,59,40
E02000339,0,2,0.69,0.49,541,789
E02000888,1,3,2.70,0.59,119,44
E02000889,1,3,1.76,0.70,37,21
E02000886,1,3,1.38,0.80,36,26
E02000335,0,1,0.10,0.30,33,326
E02000884,2,4,2.57,0.76,190,74
E02000885,1,3,1.79,0.93,43,24
E02000882,1,3,1.10,0.44,23,21
E02000883,0,1,0.92,0.27,24,26
E02000880,1,3,1.42,0.67,17,12
E02000333,1,2,1.67,0.58,5,3
E02000727,0,1,0.04,0.20,1,25
E02000726,0,1,0.03,0.17,4,143
E02000725,0,1,0.24,0.43,17,72
E02000236,0,0,0.00,0.00,0,3
E02000231,0,0,0.00,0.00,0,1
E02000722,0,0,0.00,0.00,0,57
E02000233,0,0,0.00,0.00,0,6
E02000720,0,0,0.00,0.00,0,23
E02000716,0,0,0.00,0.00,0,14
E02000239,0,0,0.00,0.00,0,3
E02000729,0,0,0.00,0.00,0,29
E02000728,0,0,0.00,0.00,0,1
E02000093,0,0,0.00,0.00,0,36
E02000909,0,1,0.99,0.09,2034,2049
E02000908,0,1,0.01,0.08,13,2236
E02000907,0,1,0.67,0.47,825,1227
E02000906,0,1,0.17,0.37,377,2230
E02000905,0,1,0.05,0.23,144,2627
E02000904,0,1,0.00,0.03,2,2206
E02000903,0,1,0.00,0.04,4,2555
E02000902,0,1,0.00,0.03,1,1342
E02000901,0,0,0.00,0.00,0,839
E02000900,0,0,0.00,0.00,0,292
E02000411,0,1,0.12,0.33,6,50
E02000978,0,4,1.81,0.92,983,542
E02000410,0,1,0.25,0.50,1,4
E02000870,1,2,1.08,0.27,28,26
E02000941,0,1,0.97,0.17,32,33
E02000940,1,1,1.00,0.00,5,5
E02000538,0,0,0.00,0.00,0,21
E02000947,0,1,0.15,0.36,6,40
E02000100,1,1,1.00,0.00,2,2
E02000414,0,1,0.81,0.40,22,27
E02000348,1,1,1.00,0.00,3,3
E02000422,0,0,0.00,0.00,0,14
E02000423,0,0,0.00,0.00,0,5
E02000424,0,1,0.25,0.44,7,28
E02000417,0,2,0.94,0.40,94,100
E02000426,1,1,1.00,0.00,42,42
E02000427,0,0,0.00,0.00,0,6
E02000833,1,1,1.00,0.00,6,6
E02000429,0,1,0.79,0.42,15,19
E02000831,1,1,1.00,0.00,1,1
E02000830,1,1,1.00,0.00,1,1
E02000345,0,1,0.25,0.50,1,4
E02000836,1,1,1.00,0.00,5,5
E02000347,1,1,1.00,0.00,1,1
E02000346,0,1,0.15,0.37,6,39
E02000321,1,1,1.00,0.00,24,24
E02000421,0,1,0.50,0.58,2,4
E02000371,1,5,3.35,0.83,77,23
E02000838,1,1,1.00,0.00,1,1
E02000971,2,4,2.15,0.43,1558,724
E02000229,0,0,0.00,0.00,0,3
E02000341,0,2,0.56,0.63,32,57
E02000284,1,1,1.00,0.00,624,624
E02000285,0,1,0.95,0.21,531,558
E02000286,0,1,0.97,0.16,988,1015
E02000287,0,0,0.00,0.00,0,280
E02000280,0,1,0.91,0.29,615,679
E02000281,0,1,0.36,0.48,256,703
E02000282,0,0,0.00,0.00,0,546
E02000283,0,0,0.00,0.00,0,659
E02000167,1,2,1.01,0.09,134,133
E02000166,1,3,1.49,0.67,76,51
E02000288,0,2,0.12,0.33,72,593
E02000289,0,1,0.14,0.35,148,1037
E02000042,0,0,0.00,0.00,0,2
E02000515,0,1,0.50,0.71,1,2
E02000040,0,0,0.00,0.00,0,67
E02000041,0,0,0.00,0.00,0,5
E02000513,0,0,0.00,0.00,0,1
E02000048,0,0,0.00,0.00,0,10
E02000049,0,0,0.00,0.00,0,31
E02000344,0,1,0.13,0.34,14,106
E02000835,2,2,2.00,0.00,20,10
E02000343,0,0,0.00,0.00,0,24
E02000724,0,0,0.00,0.00,0,3
E02000608,0,0,0.00,0.00,0,139
E02000279,0,0,0.00,0.00,0,1120
E02000879,1,2,1.08,0.29,13,12
E02000760,0,0,0.00,0.00,0,198
E02000764,0,1,0.18,0.40,2,11
E02000600,1,1,1.00,0.00,1,1
E02000602,0,1,0.99,0.08,491,494
E02000768,0,1,0.75,0.50,3,4
E02000605,0,0,0.00,0.00,0,1
E02000606,0,1,0.78,0.41,143,183
E02000607,0,1,0.01,0.09,1,124
E02000561,1,2,1.20,0.45,6,5
E02000560,1,3,1.86,0.67,93,50
E02000563,2,3,2.67,0.52,16,6
E02000562,0,3,0.33,0.63,31,93
E02000565,0,2,0.76,0.79,39,51
E02000564,0,3,2.07,0.42,195,94
E02000567,0,3,1.16,0.81,455,393
E02000566,0,3,0.88,1.00,38,43
E02000569,0,3,1.55,0.65,276,178
E02000568,1,3,1.68,0.55,119,71
E02000860,0,1,0.33,0.58,1,3
E02000788,0,0,0.00,0.00,0,14
E02000863,0,0,0.00,0.00,0,5
E02000864,0,2,1.27,0.68,61,48
E02000865,1,4,2.29,0.95,16,7
E02000866,0,2,1.02,0.30,59,58
E02000867,1,2,1.67,0.50,15,9
E02000868,1,4,1.63,0.91,52,32
E02000869,2,3,2.88,0.35,23,8
E02000782,0,0,0.00,0.00,0,10
E02000785,0,0,0.00,0.00,0,160
E02000784,0,1,0.05,0.22,3,60
E02000787,0,0,0.00,0.00,0,64
E02000786,0,0,0.00,0.00,0,33
E02000378,0,2,1.63,0.77,57,35
E02006918,0,1,0.93,0.26,27,29
E02000328,0,0,0.00,0.00,0,1
E02000379,0,1,0.07,0.25,4,61
E02000899,0,0,0.00,0.00,0,248
E02000487,0,0,0.00,0.00,0,1
E02000468,0,0,0.00,0.00,0,7
E02000460,0,0,0.00,0.00,0,1
E02000461,0,1,0.03,0.17,2,72
E02000305,0,0,0.00,0.00,0,10
E02000304,0,0,0.00,0.00,0,16
E02000268,0,0,0.00,0.00,0,2
E02000306,0,2,1.14,0.83,58,51
E02000301,0,1,0.19,0.39,20,108
E02000300,0,2,0.55,0.80,46,84
E02000303,1,2,1.35,0.48,54,40
E02000302,0,1,0.16,0.37,6,37
E02000262,0,0,0.00,0.00,0,7
E02000263,1,1,1.00,0.00,9,9
E02000260,1,1,1.00,0.00,28,28
E02000261,0,1,0.30,0.47,9,30
E02000266,1,1,1.00,0.00,3,3
E02000308,0,0,0.00,0.00,0,41
E02000264,0,0,0.00,0.00,0,28
E02000265,1,1,1.00,0.00,41,41
E02000489,0,1,0.12,0.32,13,112
E02000327,1,1,1.00,0.00,33,33
E02000324,1,1,1.00,0.00,6,6
E02000950,0,0,0.00,0.00,0,5
E02000797,0,1,0.70,0.47,16,23
E02000633,0,2,1.00,0.53,8,8
E02000419,0,1,0.20,0.45,1,5
E02000418,0,1,0.17,0.39,4,23
E02000949,0,1,0.52,0.51,23,44
E02000943,0,0,0.00,0.00,0,1
E02000942,0,0,0.00,0.00,0,11
E02000413,1,1,1.00,0.00,5,5
E02000412,0,1,0.71,0.46,24,34
E02000415,0,1,0.76,0.43,34,45
E02000946,0,1,0.77,0.42,538,697
E02000945,0,1,0.86,0.36,12,14
E02000416,0,1,0.03,0.16,1,38
E02006788,0,0,0.00,0.00,0,52
E02000008,1,1,1.00,0.00,1,1
E02000009,0,1,0.08,0.28,1,13
E02000005,0,1,0.60,0.55,3,5
E02000001,4,4,4.00,0.00,96,24
E02000635,0,1,0.54,0.52,7,13
E02000745,0,1,0.68,0.47,25,37
E02000953,1,1,1.00,0.00,1438,1438
E02006786,1,1,1.00,0.00,20,20
E02006785,1,1,1.00,0.00,27,27
E02006782,0,1,0.25,0.45,3,12
