MSOA11CD,MSOA11NM,LAD11CD,LAD11NM,RGN11CD,RGN11NM,USUALRES,HHOLDRES,COMESTRES,POPDEN,HHOLDS,AVHHOLDSZ,NUMPOINTS
E02000001,City of London 001,E09000001,City of London,E12000007,London,7375,7187,188,25.50000,4385,1.60000,137
E02000002,Barking and Dagenham 001,E09000002,Barking and Dagenham,E12000007,London,6775,6724,51,31.30000,2713,2.50000,20
E02000003,Barking and Dagenham 002,E09000002,Barking and Dagenham,E12000007,London,10045,10033,12,46.90000,3834,2.60000,18
E02000004,Barking and Dagenham 003,E09000002,Barking and Dagenham,E12000007,London,6182,5937,245,24.80000,2318,2.60000,13
E02000005,Barking and Dagenham 004,E09000002,Barking and Dagenham,E12000007,London,8562,8562,0,72.10000,3183,2.70000,10
E02000007,Barking and Dagenham 006,E09000002,Barking and Dagenham,E12000007,London,8791,8672,119,50.60000,3441,2.50000,20
E02000008,Barking and Dagenham 007,E09000002,Barking and Dagenham,E12000007,London,11569,11564,5,81.50000,4591,2.50000,22
E02000009,Barking and Dagenham 008,E09000002,Barking and Dagenham,E12000007,London,8395,8376,19,87.40000,3212,2.60000,14
E02000010,Barking and Dagenham 009,E09000002,Barking and Dagenham,E12000007,London,8615,8615,0,76.80000,3292,2.60000,9
E02000011,Barking and Dagenham 010,E09000002,Barking and Dagenham,E12000007,London,6187,6086,101,38.80000,2289,2.70000,18
E02000012,Barking and Dagenham 011,E09000002,Barking and Dagenham,E12000007,London,9888,9879,9,76.00000,3258,3.00000,14
E02000013,Barking and Dagenham 012,E09000002,Barking and Dagenham,E12000007,London,8402,8396,6,64.40000,3125,2.70000,15
E02000014,Barking and Dagenham 013,E09000002,Barking and Dagenham,E12000007,London,9402,9319,83,78.80000,3531,2.60000,20
E02000015,Barking and Dagenham 014,E09000002,Barking and Dagenham,E12000007,London,7563,7549,14,55.50000,3170,2.40000,19
E02000016,Barking and Dagenham 015,E09000002,Barking and Dagenham,E12000007,London,7676,7670,6,86.60000,2934,2.60000,22
E02000017,Barking and Dagenham 016,E09000002,Barking and Dagenham,E12000007,London,8498,8468,30,97.00000,2729,3.10000,8
E02000018,Barking and Dagenham 017,E09000002,Barking and Dagenham,E12000007,London,8890,8884,6,65.50000,3326,2.70000,17
E02000019,Barking and Dagenham 018,E09000002,Barking and Dagenham,E12000007,London,8276,8234,42,27.20000,3010,2.70000,25
E02000020,Barking and Dagenham 019,E09000002,Barking and Dagenham,E12000007,London,9276,9274,2,27.10000,3460,2.70000,40
E02000021,Barking and Dagenham 020,E09000002,Barking and Dagenham,E12000007,London,7904,7798,106,27.40000,2949,2.60000,17
E02000022,Barking and Dagenham 021,E09000002,Barking and Dagenham,E12000007,London,8777,8684,93,117.20000,3261,2.70000,11
E02000023,Barking and Dagenham 022,E09000002,Barking and Dagenham,E12000007,London,6482,6482,0,37.10000,2431,2.70000,25
E02000024,Barnet 001,E09000003,Barnet,E12000007,London,10156,9969,187,27.10000,4110,2.40000,32
E02000025,Barnet 002,E09000003,Barnet,E12000007,London,7956,7929,27,33.10000,3622,2.20000,20
E02000026,Barnet 003,E09000003,Barnet,E12000007,London,6313,6276,37,43.10000,2496,2.50000,13
E02000027,Barnet 004,E09000003,Barnet,E12000007,London,9598,9499,99,57.30000,3705,2.60000,23
E02000028,Barnet 005,E09000003,Barnet,E12000007,London,6166,6107,59,58.40000,2473,2.50000,15
E02000029,Barnet 006,E09000003,Barnet,E12000007,London,8517,8507,10,50.60000,3513,2.40000,19
E02000030,Barnet 007,E09000003,Barnet,E12000007,London,9130,9013,117,6.30000,3410,2.60000,50
E02000031,Barnet 008,E09000003,Barnet,E12000007,London,7294,7150,144,37.60000,2817,2.50000,29
E02000032,Barnet 009,E09000003,Barnet,E12000007,London,7857,7825,32,56.20000,2742,2.90000,15
E02000033,Barnet 010,E09000003,Barnet,E12000007,London,8537,8438,99,48.10000,3317,2.50000,24
E02000034,Barnet 011,E09000003,Barnet,E12000007,London,8508,8450,58,54.60000,3403,2.50000,16
E02000035,Barnet 012,E09000003,Barnet,E12000007,London,7965,7783,182,61.40000,3381,2.30000,18
E02000036,Barnet 013,E09000003,Barnet,E12000007,London,10743,10689,54,59.90000,3942,2.70000,19
E02000037,Barnet 014,E09000003,Barnet,E12000007,London,9741,9741,0,22.50000,3397,2.90000,21
E02000038,Barnet 015,E09000003,Barnet,E12000007,London,10514,10285,229,59.70000,4049,2.50000,25
E02000039,Barnet 016,E09000003,Barnet,E12000007,London,6675,6675,0,31.30000,2485,2.70000,34
E02000040,Barnet 017,E09000003,Barnet,E12000007,London,7197,7094,103,14.00000,2649,2.70000,37
E02000041,Barnet 018,E09000003,Barnet,E12000007,London,8811,8762,49,65.30000,3120,2.80000,30
E02000042,Barnet 019,E09000003,Barnet,E12000007,London,10639,10458,181,87.70000,4421,2.40000,24
E02000043,Barnet 020,E09000003,Barnet,E12000007,London,7696,7616,80,52.40000,2693,2.80000,21
E02000044,Barnet 021,E09000003,Barnet,E12000007,London,8071,8071,0,72.90000,2862,2.80000,18
E02000045,Barnet 022,E09000003,Barnet,E12000007,London,10237,10226,11,59.00000,4168,2.50000,23
E02000046,Barnet 023,E09000003,Barnet,E12000007,London,7063,7000,63,72.90000,2860,2.40000,21
E02000047,Barnet 024,E09000003,Barnet,E12000007,London,11373,11207,166,80.00000,4036,2.80000,22
E02000048,Barnet 025,E09000003,Barnet,E12000007,London,9817,9817,0,31.80000,3784,2.60000,20
E02000049,Barnet 026,E09000003,Barnet,E12000007,London,8503,8503,0,107.90000,3028,2.80000,15
E02000050,Barnet 027,E09000003,Barnet,E12000007,London,10064,10052,12,47.50000,3853,2.60000,26
E02000051,Barnet 028,E09000003,Barnet,E12000007,London,8647,8569,78,59.70000,3537,2.40000,30
E02000052,Barnet 029,E09000003,Barnet,E12000007,London,9698,9698,0,100.10000,4163,2.30000,14
E02000053,Barnet 030,E09000003,Barnet,E12000007,London,8697,8250,447,56.10000,3244,2.50000,32
E02000054,Barnet 031,E09000003,Barnet,E12000007,London,7206,7175,31,48.00000,2774,2.60000,18
E02000055,Barnet 032,E09000003,Barnet,E12000007,London,11130,10893,237,77.30000,4179,2.60000,28
E02000056,Barnet 033,E09000003,Barnet,E12000007,London,9212,9042,170,28.50000,3390,2.70000,39
E02000057,Barnet 034,E09000003,Barnet,E12000007,London,7484,7437,47,68.40000,2460,3.00000,16
E02000058,Barnet 035,E09000003,Barnet,E12000007,London,10220,10177,43,56.40000,3961,2.60000,34
E02000059,Barnet 036,E09000003,Barnet,E12000007,London,10459,10442,17,47.70000,3990,2.60000,15
E02000060,Barnet 037,E09000003,Barnet,E12000007,London,10920,10693,227,88.60000,3400,3.10000,18
E02000061,Barnet 038,E09000003,Barnet,E12000007,London,8013,7875,138,50.50000,3172,2.50000,34
E02000062,Barnet 039,E09000003,Barnet,E12000007,London,6340,6302,38,34.50000,2357,2.70000,39
E02000063,Barnet 040,E09000003,Barnet,E12000007,London,6971,6886,85,67.20000,2503,2.80000,16
E02000064,Barnet 041,E09000003,Barnet,E12000007,London,6248,6016,232,78.70000,2450,2.50000,19
E02000065,Bexley 001,E09000004,Bexley,E12000007,London,7666,7652,14,23.90000,2728,2.80000,13
E02000066,Bexley 002,E09000004,Bexley,E12000007,London,9641,9599,42,61.30000,3795,2.50000,28
E02000067,Bexley 003,E09000004,Bexley,E12000007,London,8750,8737,13,37.80000,3580,2.40000,26
E02000068,Bexley 004,E09000004,Bexley,E12000007,London,7388,7388,0,32.50000,3041,2.40000,36
E02000069,Bexley 005,E09000004,Bexley,E12000007,London,6194,6144,50,42.70000,2495,2.50000,27
E02000070,Bexley 006,E09000004,Bexley,E12000007,London,7875,7875,0,42.40000,3177,2.50000,29
E02000071,Bexley 007,E09000004,Bexley,E12000007,London,7300,7300,0,61.90000,2782,2.60000,14
E02000072,Bexley 008,E09000004,Bexley,E12000007,London,11734,11726,8,26.80000,4722,2.50000,31
E02000073,Bexley 009,E09000004,Bexley,E12000007,London,10724,10724,0,67.00000,3968,2.70000,27
E02000074,Bexley 010,E09000004,Bexley,E12000007,London,7655,7573,82,67.80000,3185,2.40000,12
E02000075,Bexley 011,E09000004,Bexley,E12000007,London,7948,7920,28,51.80000,3172,2.50000,23
E02000077,Bexley 013,E09000004,Bexley,E12000007,London,7823,7760,63,70.00000,2870,2.70000,14
E02000078,Bexley 014,E09000004,Bexley,E12000007,London,7665,7665,0,51.50000,3036,2.50000,19
E02000079,Bexley 015,E09000004,Bexley,E12000007,London,7865,7713,152,47.70000,3267,2.40000,29
E02000080,Bexley 016,E09000004,Bexley,E12000007,London,9430,9430,0,55.70000,3702,2.50000,26
E02000081,Bexley 017,E09000004,Bexley,E12000007,London,7513,7486,27,34.10000,3106,2.40000,29
E02000082,Bexley 018,E09000004,Bexley,E12000007,London,8876,8876,0,59.30000,3356,2.60000,22
E02000083,Bexley 019,E09000004,Bexley,E12000007,London,9771,9750,21,26.10000,3985,2.40000,35
E02000084,Bexley 020,E09000004,Bexley,E12000007,London,10641,10635,6,41.00000,4209,2.50000,36
E02000085,Bexley 021,E09000004,Bexley,E12000007,London,7893,7893,0,48.60000,3084,2.60000,23
E02000086,Bexley 022,E09000004,Bexley,E12000007,London,7328,7323,5,49.20000,2789,2.60000,12
E02000087,Bexley 023,E09000004,Bexley,E12000007,London,7579,7559,20,20.40000,3142,2.40000,28
E02000088,Bexley 024,E09000004,Bexley,E12000007,London,7737,7737,0,38.70000,2984,2.60000,21
E02000089,Bexley 025,E09000004,Bexley,E12000007,London,7783,7635,148,56.90000,2899,2.60000,11
E02000090,Bexley 026,E09000004,Bexley,E12000007,London,8726,8469,257,48.20000,3962,2.10000,34
E02000091,Bexley 027,E09000004,Bexley,E12000007,London,9682,9542,140,35.40000,4279,2.20000,26
E02000092,Bexley 028,E09000004,Bexley,E12000007,London,6426,6407,19,10.70000,2722,2.40000,30
E02000093,Brent 001,E09000005,Brent,E12000007,London,10883,10776,107,79.00000,3408,3.20000,17
E02000094,Brent 002,E09000005,Brent,E12000007,London,8746,8640,106,75.20000,2738,3.20000,17
E02000095,Brent 003,E09000005,Brent,E12000007,London,9921,9783,138,64.10000,3117,3.10000,27
E02000096,Brent 004,E09000005,Brent,E12000007,London,7598,7535,63,46.50000,2518,3.00000,9
E02000097,Brent 005,E09000005,Brent,E12000007,London,8958,8958,0,47.90000,2926,3.10000,10
E02000098,Brent 006,E09000005,Brent,E12000007,London,7944,7917,27,43.20000,2652,3.00000,17
E02000099,Brent 007,E09000005,Brent,E12000007,London,8707,8651,56,67.60000,2782,3.10000,16
E02000100,Brent 008,E09000005,Brent,E12000007,London,8388,7718,670,40.40000,2696,2.90000,21
E02000101,Brent 009,E09000005,Brent,E12000007,London,9332,9162,170,66.50000,3312,2.80000,21
E02000102,Brent 010,E09000005,Brent,E12000007,London,7787,7783,4,57.30000,2496,3.10000,8
E02000103,Brent 011,E09000005,Brent,E12000007,London,8723,8705,18,49.20000,2994,2.90000,30
E02000104,Brent 012,E09000005,Brent,E12000007,London,6767,6665,102,61.10000,2213,3.00000,25
E02000105,Brent 013,E09000005,Brent,E12000007,London,9202,9160,42,67.20000,2997,3.10000,20
E02000106,Brent 014,E09000005,Brent,E12000007,London,10217,10208,9,76.20000,3449,3.00000,27
E02000107,Brent 015,E09000005,Brent,E12000007,London,10692,10625,67,112.00000,4107,2.60000,18
E02000108,Brent 016,E09000005,Brent,E12000007,London,6584,6565,19,81.00000,2147,3.10000,6
E02000109,Brent 017,E09000005,Brent,E12000007,London,9864,9693,171,50.80000,3264,3.00000,23
E02000110,Brent 018,E09000005,Brent,E12000007,London,8087,8083,4,101.20000,2969,2.70000,11
E02000111,Brent 019,E09000005,Brent,E12000007,London,9782,9696,86,86.70000,2914,3.30000,22
E02000112,Brent 020,E09000005,Brent,E12000007,London,9432,9326,106,74.30000,2892,3.20000,25
E02000113,Brent 021,E09000005,Brent,E12000007,London,9655,9655,0,65.10000,3306,2.90000,31
E02000114,Brent 022,E09000005,Brent,E12000007,London,9010,8997,13,146.90000,3528,2.60000,15
E02000115,Brent 023,E09000005,Brent,E12000007,London,8340,8298,42,98.30000,3911,2.10000,15
E02000116,Brent 024,E09000005,Brent,E12000007,London,8153,8146,7,74.40000,3072,2.70000,23
E02000117,Brent 025,E09000005,Brent,E12000007,London,12013,11944,69,135.00000,4557,2.60000,16
E02000118,Brent 026,E09000005,Brent,E12000007,London,9425,9419,6,76.40000,2849,3.30000,12
E02000119,Brent 027,E09000005,Brent,E12000007,London,7248,7222,26,28.20000,2597,2.80000,48
E02000120,Brent 028,E09000005,Brent,E12000007,London,9214,9204,10,182.10000,4277,2.20000,10
E02000121,Brent 029,E09000005,Brent,E12000007,London,8933,8932,1,64.00000,2623,3.40000,20
E02000122,Brent 030,E09000005,Brent,E12000007,London,8079,8063,16,67.20000,3047,2.60000,15
E02000123,Brent 031,E09000005,Brent,E12000007,London,14719,14657,62,142.20000,5884,2.50000,23
E02000124,Brent 032,E09000005,Brent,E12000007,London,10222,10168,54,93.20000,4334,2.30000,24
E02000125,Brent 033,E09000005,Brent,E12000007,London,10815,10803,12,141.20000,4329,2.50000,14
E02000126,Brent 034,E09000005,Brent,E12000007,London,7775,7738,37,177.60000,3381,2.30000,12
E02000127,Bromley 001,E09000006,Bromley,E12000007,London,8483,8435,48,38.10000,3675,2.30000,13
E02000128,Bromley 002,E09000006,Bromley,E12000007,London,7294,7230,64,28.80000,3006,2.40000,24
E02000130,Bromley 004,E09000006,Bromley,E12000007,London,7914,7889,25,53.30000,3464,2.30000,22
E02000131,Bromley 005,E09000006,Bromley,E12000007,London,8954,8894,60,50.70000,4589,1.90000,35
E02000132,Bromley 006,E09000006,Bromley,E12000007,London,8567,8486,81,49.30000,4668,1.80000,40
E02000133,Bromley 007,E09000006,Bromley,E12000007,London,9606,9403,203,16.10000,3961,2.40000,30
E02000134,Bromley 008,E09000006,Bromley,E12000007,London,10773,10614,159,55.70000,5106,2.10000,31
E02000135,Bromley 009,E09000006,Bromley,E12000007,London,9734,9614,120,84.10000,4402,2.20000,20
E02000136,Bromley 010,E09000006,Bromley,E12000007,London,5728,5323,405,12.60000,2207,2.40000,35
E02000137,Bromley 011,E09000006,Bromley,E12000007,London,7826,7679,147,42.00000,3637,2.10000,37
E02000138,Bromley 012,E09000006,Bromley,E12000007,London,7936,7927,9,38.10000,4057,2.00000,28
E02000139,Bromley 013,E09000006,Bromley,E12000007,London,7284,7266,18,47.40000,3202,2.30000,20
E02000140,Bromley 014,E09000006,Bromley,E12000007,London,8041,8041,0,42.60000,3301,2.40000,26
E02000141,Bromley 015,E09000006,Bromley,E12000007,London,6940,6918,22,74.40000,3055,2.30000,22
E02000142,Bromley 016,E09000006,Bromley,E12000007,London,8285,8075,210,46.60000,3283,2.50000,21
E02000144,Bromley 018,E09000006,Bromley,E12000007,London,8681,8663,18,43.70000,3831,2.30000,40
E02000145,Bromley 019,E09000006,Bromley,E12000007,London,8086,8076,10,7.20000,3376,2.40000,29
E02000146,Bromley 020,E09000006,Bromley,E12000007,London,8324,8170,154,46.20000,3508,2.30000,19
E02000147,Bromley 021,E09000006,Bromley,E12000007,London,7969,7951,18,35.40000,3183,2.50000,36
E02000148,Bromley 022,E09000006,Bromley,E12000007,London,6585,6554,31,23.50000,2633,2.50000,30
E02000149,Bromley 023,E09000006,Bromley,E12000007,London,7708,7706,2,41.00000,3249,2.40000,45
E02000150,Bromley 024,E09000006,Bromley,E12000007,London,8351,8235,116,27.10000,3109,2.60000,30
E02000151,Bromley 025,E09000006,Bromley,E12000007,London,7574,7574,0,36.00000,2994,2.50000,23
E02000152,Bromley 026,E09000006,Bromley,E12000007,London,6572,6561,11,25.50000,2623,2.50000,25
E02000153,Bromley 027,E09000006,Bromley,E12000007,London,7755,7755,0,34.50000,2860,2.70000,23
E02000154,Bromley 028,E09000006,Bromley,E12000007,London,7959,7917,42,38.10000,3293,2.40000,28
E02000155,Bromley 029,E09000006,Bromley,E12000007,London,6905,6905,0,38.00000,3057,2.30000,33
E02000156,Bromley 030,E09000006,Bromley,E12000007,London,12094,12022,72,31.50000,4756,2.50000,29
E02000157,Bromley 031,E09000006,Bromley,E12000007,London,7964,7964,0,32.50000,3300,2.40000,30
E02000158,Bromley 032,E09000006,Bromley,E12000007,London,7364,7364,0,34.10000,2952,2.50000,24
E02000159,Bromley 033,E09000006,Bromley,E12000007,London,6812,6812,0,11.60000,2749,2.50000,42
E02000160,Bromley 034,E09000006,Bromley,E12000007,London,7856,7725,131,9.30000,2968,2.60000,36
E02000161,Bromley 035,E09000006,Bromley,E12000007,London,8410,8378,32,48.90000,3369,2.50000,28
E02000162,Bromley 036,E09000006,Bromley,E12000007,London,6693,6647,46,5.20000,2889,2.30000,32
E02000163,Bromley 037,E09000006,Bromley,E12000007,London,7650,7650,0,6.80000,3072,2.50000,32
E02000165,Bromley 039,E09000006,Bromley,E12000007,London,7045,7045,0,12.40000,2691,2.60000,15
E02000166,Camden 001,E09000007,Camden,E12000007,London,7924,7916,8,26.20000,3537,2.20000,24
E02000167,Camden 002,E09000007,Camden,E12000007,London,7944,7869,75,38.20000,3629,2.20000,17
E02000168,Camden 003,E09000007,Camden,E12000007,London,8172,8040,132,120.10000,3535,2.30000,23
E02000169,Camden 004,E09000007,Camden,E12000007,London,7637,6981,656,68.00000,2942,2.40000,6
E02000170,Camden 005,E09000007,Camden,E12000007,London,8338,8293,45,108.10000,3685,2.30000,19
E02000171,Camden 006,E09000007,Camden,E12000007,London,7818,7789,29,149.90000,3502,2.20000,13
E02000172,Camden 007,E09000007,Camden,E12000007,London,10147,9919,228,151.70000,4186,2.40000,7
E02000173,Camden 008,E09000007,Camden,E12000007,London,7675,7565,110,98.60000,3569,2.10000,22
E02000174,Camden 009,E09000007,Camden,E12000007,London,8714,8703,11,159.70000,3822,2.30000,11
E02000175,Camden 010,E09000007,Camden,E12000007,London,8848,8846,2,127.90000,4277,2.10000,23
E02000176,Camden 011,E09000007,Camden,E12000007,London,6373,6289,84,160.20000,3261,1.90000,10
E02000177,Camden 012,E09000007,Camden,E12000007,London,8948,8863,85,170.90000,3865,2.30000,21
E02000178,Camden 013,E09000007,Camden,E12000007,London,8857,8823,34,157.70000,4280,2.10000,10
E02000179,Camden 014,E09000007,Camden,E12000007,London,6329,6305,24,165.50000,2870,2.20000,12
E02000180,Camden 015,E09000007,Camden,E12000007,London,8202,7662,540,169.00000,3394,2.30000,18
E02000181,Camden 016,E09000007,Camden,E12000007,London,7708,7703,5,142.50000,3657,2.10000,8
E02000182,Camden 017,E09000007,Camden,E12000007,London,6697,6638,59,83.90000,2963,2.20000,14
E02000183,Camden 018,E09000007,Camden,E12000007,London,7913,7909,4,102.50000,3881,2.00000,8
E02000184,Camden 019,E09000007,Camden,E12000007,London,8882,8726,156,133.60000,3655,2.40000,21
E02000185,Camden 020,E09000007,Camden,E12000007,London,8290,8213,77,175.60000,3938,2.10000,17
E02000186,Camden 021,E09000007,Camden,E12000007,London,6687,6491,196,66.70000,3099,2.10000,36
E02000187,Camden 022,E09000007,Camden,E12000007,London,8155,8064,91,84.20000,3290,2.50000,17
E02000188,Camden 023,E09000007,Camden,E12000007,London,8322,7939,383,163.90000,3170,2.50000,19
E02000189,Camden 024,E09000007,Camden,E12000007,London,5944,5407,537,199.70000,2253,2.40000,13
E02000190,Camden 025,E09000007,Camden,E12000007,London,7530,5914,1616,203.20000,3181,1.90000,4
E02000191,Camden 026,E09000007,Camden,E12000007,London,7497,5545,1952,116.80000,2868,1.90000,21
E02000192,Camden 027,E09000007,Camden,E12000007,London,7157,7021,136,165.50000,3375,2.10000,15
E02000193,Camden 028,E09000007,Camden,E12000007,London,7630,7010,620,70.10000,3850,1.80000,47
E02000194,Croydon 001,E09000008,Croydon,E12000007,London,8696,8536,160,62.50000,4099,2.10000,31
E02000195,Croydon 002,E09000008,Croydon,E12000007,London,9152,9112,40,47.30000,3446,2.60000,20
E02000196,Croydon 003,E09000008,Croydon,E12000007,London,7403,7366,37,60.40000,2553,2.90000,15
E02000197,Croydon 004,E09000008,Croydon,E12000007,London,9094,9072,22,91.60000,3403,2.70000,10
E02000198,Croydon 005,E09000008,Croydon,E12000007,London,8070,8021,49,90.50000,3338,2.40000,20
E02000199,Croydon 006,E09000008,Croydon,E12000007,London,8430,8423,7,97.70000,3172,2.70000,6
E02000200,Croydon 007,E09000008,Croydon,E12000007,London,8294,8192,102,66.50000,3811,2.10000,26
E02000201,Croydon 008,E09000008,Croydon,E12000007,London,8281,8281,0,96.40000,3814,2.20000,13
E02000202,Croydon 009,E09000008,Croydon,E12000007,London,8548,8503,45,116.30000,2981,2.90000,9
E02000203,Croydon 010,E09000008,Croydon,E12000007,London,7539,7494,45,97.50000,3062,2.40000,21
E02000204,Croydon 011,E09000008,Croydon,E12000007,London,9407,9310,97,86.60000,3146,3.00000,13
E02000206,Croydon 013,E09000008,Croydon,E12000007,London,9539,9399,140,65.30000,4009,2.30000,19
E02000207,Croydon 014,E09000008,Croydon,E12000007,London,8999,8977,22,72.50000,3592,2.50000,24
E02000208,Croydon 015,E09000008,Croydon,E12000007,London,9790,9645,145,111.80000,3821,2.50000,10
E02000209,Croydon 016,E09000008,Croydon,E12000007,London,8414,8411,3,83.90000,2919,2.90000,23
E02000210,Croydon 017,E09000008,Croydon,E12000007,London,8310,8300,10,107.20000,3371,2.50000,9
E02000211,Croydon 018,E09000008,Croydon,E12000007,London,8000,8000,0,47.70000,3279,2.40000,20
E02000212,Croydon 019,E09000008,Croydon,E12000007,London,8523,8522,1,68.70000,2977,2.90000,20
E02000213,Croydon 020,E09000008,Croydon,E12000007,London,9551,9495,56,92.60000,4160,2.30000,35
E02000214,Croydon 021,E09000008,Croydon,E12000007,London,6236,6219,17,60.50000,2321,2.70000,18
E02000215,Croydon 022,E09000008,Croydon,E12000007,London,10518,10414,104,106.60000,4991,2.10000,26
E02000216,Croydon 023,E09000008,Croydon,E12000007,London,6738,6622,116,30.80000,3028,2.20000,18
E02000217,Croydon 024,E09000008,Croydon,E12000007,London,9688,9688,0,67.70000,4273,2.30000,25
E02000218,Croydon 025,E09000008,Croydon,E12000007,London,6640,6640,0,58.30000,2369,2.80000,21
E02000219,Croydon 026,E09000008,Croydon,E12000007,London,7686,7650,36,13.50000,2999,2.60000,40
E02000220,Croydon 027,E09000008,Croydon,E12000007,London,9881,9509,372,66.10000,4847,2.00000,48
E02000221,Croydon 028,E09000008,Croydon,E12000007,London,9820,9630,190,35.00000,3866,2.50000,39
E02000222,Croydon 029,E09000008,Croydon,E12000007,London,7891,7806,85,42.40000,3539,2.20000,19
E02000223,Croydon 030,E09000008,Croydon,E12000007,London,8371,8371,0,87.10000,2875,2.90000,20
E02000224,Croydon 031,E09000008,Croydon,E12000007,London,7684,7646,38,60.00000,3309,2.30000,15
E02000225,Croydon 032,E09000008,Croydon,E12000007,London,7535,7534,1,46.20000,2708,2.80000,27
E02000226,Croydon 033,E09000008,Croydon,E12000007,London,7539,7350,189,23.00000,2796,2.60000,32
E02000227,Croydon 034,E09000008,Croydon,E12000007,London,11411,11411,0,24.80000,4851,2.40000,42
E02000228,Croydon 035,E09000008,Croydon,E12000007,London,7609,7539,70,24.30000,2924,2.60000,27
E02000229,Croydon 036,E09000008,Croydon,E12000007,London,6374,6315,59,48.30000,2413,2.60000,25
E02000230,Croydon 037,E09000008,Croydon,E12000007,London,10045,9745,300,38.40000,4004,2.40000,30
E02000231,Croydon 038,E09000008,Croydon,E12000007,London,7685,7441,244,22.90000,2543,2.90000,25
E02000232,Croydon 039,E09000008,Croydon,E12000007,London,6207,6178,29,14.20000,2324,2.70000,17
E02000233,Croydon 040,E09000008,Croydon,E12000007,London,6135,5977,158,38.70000,2391,2.50000,14
E02000234,Croydon 041,E09000008,Croydon,E12000007,London,8023,7980,43,25.80000,3161,2.50000,36
E02000235,Croydon 042,E09000008,Croydon,E12000007,London,6968,6900,68,12.90000,2694,2.60000,13
E02000236,Croydon 043,E09000008,Croydon,E12000007,London,7659,7631,28,21.40000,2838,2.70000,32
E02000237,Croydon 044,E09000008,Croydon,E12000007,London,7475,7455,20,15.10000,3090,2.40000,22
E02000238,Ealing 001,E09000009,Ealing,E12000007,London,9500,9381,119,62.40000,3179,3.00000,21
E02000239,Ealing 002,E09000009,Ealing,E12000007,London,9000,9000,0,38.20000,2924,3.10000,14
E02000240,Ealing 003,E09000009,Ealing,E12000007,London,10265,10265,0,59.40000,3770,2.70000,25
E02000241,Ealing 004,E09000009,Ealing,E12000007,London,6639,6639,0,50.90000,2366,2.80000,27
E02000242,Ealing 005,E09000009,Ealing,E12000007,London,6763,6763,0,76.10000,2151,3.10000,10
E02000243,Ealing 006,E09000009,Ealing,E12000007,London,8509,8467,42,29.90000,3068,2.80000,20
E02000244,Ealing 007,E09000009,Ealing,E12000007,London,7172,7172,0,39.90000,2658,2.70000,20
E02000245,Ealing 008,E09000009,Ealing,E12000007,London,8156,8144,12,49.30000,3210,2.50000,9
E02000246,Ealing 009,E09000009,Ealing,E12000007,London,8748,8748,0,42.50000,3071,2.80000,17
E02000247,Ealing 010,E09000009,Ealing,E12000007,London,10308,10090,218,73.70000,3755,2.70000,26
E02000248,Ealing 011,E09000009,Ealing,E12000007,London,7334,7334,0,42.50000,2902,2.50000,29
E02000249,Ealing 012,E09000009,Ealing,E12000007,London,7721,7678,43,60.40000,2739,2.80000,23
E02000250,Ealing 013,E09000009,Ealing,E12000007,London,6487,6367,120,65.00000,2541,2.50000,6
E02000251,Ealing 014,E09000009,Ealing,E12000007,London,7944,7944,0,84.00000,2442,3.30000,9
E02000252,Ealing 015,E09000009,Ealing,E12000007,London,9706,9647,59,30.40000,3717,2.60000,70
E02000253,Ealing 016,E09000009,Ealing,E12000007,London,9632,9565,67,83.30000,3744,2.60000,22
E02000254,Ealing 017,E09000009,Ealing,E12000007,London,8949,8827,122,86.00000,2487,3.50000,17
E02000255,Ealing 018,E09000009,Ealing,E12000007,London,9465,9329,136,61.10000,3622,2.60000,22
E02000256,Ealing 019,E09000009,Ealing,E12000007,London,8861,8651,210,80.80000,3782,2.30000,25
E02000257,Ealing 020,E09000009,Ealing,E12000007,London,13509,13210,299,61.90000,5873,2.20000,36
E02000258,Ealing 021,E09000009,Ealing,E12000007,London,6730,6659,71,65.20000,2544,2.60000,21
E02000259,Ealing 022,E09000009,Ealing,E12000007,London,6276,6275,1,49.10000,2283,2.70000,8
E02000260,Ealing 023,E09000009,Ealing,E12000007,London,8710,8532,178,80.20000,2468,3.50000,25
E02000261,Ealing 024,E09000009,Ealing,E12000007,London,10766,10752,14,82.50000,4110,2.60000,26
E02000262,Ealing 025,E09000009,Ealing,E12000007,London,8925,8755,170,126.20000,3771,2.30000,8
E02000263,Ealing 026,E09000009,Ealing,E12000007,London,11637,11575,62,94.20000,3155,3.70000,5
E02000264,Ealing 027,E09000009,Ealing,E12000007,London,8103,7979,124,56.40000,3205,2.50000,20
E02000265,Ealing 028,E09000009,Ealing,E12000007,London,11119,10981,138,109.70000,4747,2.30000,18
E02000266,Ealing 029,E09000009,Ealing,E12000007,London,12331,11638,693,31.90000,3711,3.10000,41
E02000267,Ealing 030,E09000009,Ealing,E12000007,London,6926,6913,13,91.90000,2847,2.40000,10
E02000268,Ealing 031,E09000009,Ealing,E12000007,London,9358,9125,233,70.60000,3824,2.40000,10
E02000269,Ealing 032,E09000009,Ealing,E12000007,London,8078,8003,75,91.30000,3245,2.50000,13
E02000270,Ealing 033,E09000009,Ealing,E12000007,London,8043,8040,3,101.00000,3331,2.40000,22
E02000271,Ealing 034,E09000009,Ealing,E12000007,London,6763,6757,6,90.50000,2871,2.40000,11
E02000272,Ealing 035,E09000009,Ealing,E12000007,London,6748,6703,45,56.30000,2579,2.60000,8
E02000274,Ealing 037,E09000009,Ealing,E12000007,London,12733,12724,9,88.70000,3557,3.60000,11
E02000275,Ealing 038,E09000009,Ealing,E12000007,London,7102,6923,179,60.60000,2131,3.20000,14
E02000276,Ealing 039,E09000009,Ealing,E12000007,London,6722,6459,263,79.90000,2634,2.50000,9
E02000277,Enfield 001,E09000010,Enfield,E12000007,London,7081,7038,43,67.60000,2651,2.70000,12
E02000278,Enfield 002,E09000010,Enfield,E12000007,London,8837,8771,66,67.20000,3278,2.70000,11
E02000279,Enfield 003,E09000010,Enfield,E12000007,London,11292,11289,3,43.30000,4356,2.60000,18
E02000280,Enfield 004,E09000010,Enfield,E12000007,London,8515,8464,51,5.50000,3466,2.40000,17
E02000281,Enfield 005,E09000010,Enfield,E12000007,London,8835,8705,130,46.60000,3531,2.50000,15
E02000282,Enfield 006,E09000010,Enfield,E12000007,London,9115,9112,3,72.20000,3491,2.60000,20
E02000283,Enfield 007,E09000010,Enfield,E12000007,London,8424,8408,16,73.90000,2843,3.00000,14
E02000284,Enfield 008,E09000010,Enfield,E12000007,London,8200,8152,48,63.90000,3497,2.30000,27
E02000285,Enfield 009,E09000010,Enfield,E12000007,London,6597,6568,29,67.00000,2466,2.70000,8
E02000286,Enfield 010,E09000010,Enfield,E12000007,London,8158,7940,218,39.80000,3863,2.10000,20
E02000287,Enfield 011,E09000010,Enfield,E12000007,London,6823,6494,329,7.70000,2540,2.60000,26
E02000288,Enfield 012,E09000010,Enfield,E12000007,London,10490,10462,28,49.60000,3784,2.80000,29
E02000289,Enfield 013,E09000010,Enfield,E12000007,London,6569,6569,0,19.30000,2421,2.70000,24
E02000290,Enfield 014,E09000010,Enfield,E12000007,London,7242,7242,0,14.80000,2853,2.50000,22
E02000291,Enfield 015,E09000010,Enfield,E12000007,London,8924,8809,115,77.10000,3998,2.20000,41
E02000292,Enfield 016,E09000010,Enfield,E12000007,London,9518,9495,23,50.70000,3578,2.70000,27
E02000293,Enfield 017,E09000010,Enfield,E12000007,London,6307,6274,33,29.20000,2470,2.50000,14
E02000294,Enfield 018,E09000010,Enfield,E12000007,London,8879,8700,179,59.20000,3009,2.90000,14
E02000295,Enfield 019,E09000010,Enfield,E12000007,London,8374,8287,87,51.70000,3347,2.50000,20
E02000296,Enfield 020,E09000010,Enfield,E12000007,London,9535,9406,129,52.90000,3941,2.40000,29
E02000297,Enfield 021,E09000010,Enfield,E12000007,London,9298,9235,63,57.40000,3482,2.70000,30
E02000298,Enfield 022,E09000010,Enfield,E12000007,London,7976,7909,67,39.90000,3075,2.60000,10
E02000299,Enfield 023,E09000010,Enfield,E12000007,London,9312,9262,50,106.20000,3438,2.70000,12
E02000300,Enfield 024,E09000010,Enfield,E12000007,London,8157,8102,55,105.00000,2998,2.70000,9
E02000301,Enfield 025,E09000010,Enfield,E12000007,London,10070,10070,0,55.20000,3923,2.60000,21
E02000302,Enfield 026,E09000010,Enfield,E12000007,London,8326,8276,50,52.70000,3123,2.70000,6
E02000303,Enfield 027,E09000010,Enfield,E12000007,London,8390,8372,18,67.50000,3120,2.70000,13
E02000304,Enfield 028,E09000010,Enfield,E12000007,London,8089,7997,92,47.00000,2964,2.70000,12
E02000305,Enfield 029,E09000010,Enfield,E12000007,London,8633,8473,160,89.80000,3481,2.40000,11
E02000306,Enfield 030,E09000010,Enfield,E12000007,London,9149,9149,0,43.80000,3594,2.50000,20
E02000307,Enfield 031,E09000010,Enfield,E12000007,London,9873,9873,0,89.30000,3368,2.90000,12
E02000308,Enfield 032,E09000010,Enfield,E12000007,London,7736,7661,75,67.40000,2908,2.60000,24
E02000309,Enfield 033,E09000010,Enfield,E12000007,London,10489,10412,77,64.40000,3785,2.80000,17
E02000311,Enfield 035,E09000010,Enfield,E12000007,London,9872,9861,11,69.70000,3656,2.70000,25
E02000312,Enfield 036,E09000010,Enfield,E12000007,London,10473,10404,69,79.90000,4262,2.40000,25
E02000313,Greenwich 001,E09000011,Greenwich,E12000007,London,6566,6563,3,89.90000,2575,2.50000,7
E02000314,Greenwich 002,E09000011,Greenwich,E12000007,London,13164,12265,899,41.30000,4382,2.80000,48
E02000315,Greenwich 003,E09000011,Greenwich,E12000007,London,9080,9039,41,76.10000,3440,2.60000,25
E02000316,Greenwich 004,E09000011,Greenwich,E12000007,London,10750,10698,52,57.00000,4944,2.20000,37
E02000317,Greenwich 005,E09000011,Greenwich,E12000007,London,8370,8293,77,128.20000,3200,2.60000,16
E02000318,Greenwich 006,E09000011,Greenwich,E12000007,London,9842,9842,0,89.10000,3283,3.00000,17
E02000319,Greenwich 007,E09000011,Greenwich,E12000007,London,10971,10825,146,118.50000,3866,2.80000,24
E02000320,Greenwich 008,E09000011,Greenwich,E12000007,London,6624,6603,21,45.40000,2524,2.60000,26
E02000321,Greenwich 009,E09000011,Greenwich,E12000007,London,7200,7147,53,115.70000,2877,2.50000,9
E02000323,Greenwich 011,E09000011,Greenwich,E12000007,London,10674,10631,43,140.20000,4001,2.70000,18
E02000324,Greenwich 012,E09000011,Greenwich,E12000007,London,7315,7181,134,56.10000,2807,2.60000,11
E02000326,Greenwich 014,E09000011,Greenwich,E12000007,London,7070,7063,7,96.80000,2932,2.40000,15
E02000327,Greenwich 015,E09000011,Greenwich,E12000007,London,6825,6436,389,36.70000,2357,2.70000,30
E02000328,Greenwich 016,E09000011,Greenwich,E12000007,London,6606,6512,94,75.40000,3070,2.10000,16
E02000329,Greenwich 017,E09000011,Greenwich,E12000007,London,6180,6169,11,35.10000,2364,2.60000,17
E02000331,Greenwich 019,E09000011,Greenwich,E12000007,London,7831,7805,26,78.90000,3236,2.40000,21
E02000332,Greenwich 020,E09000011,Greenwich,E12000007,London,7253,7239,14,35.90000,2958,2.40000,18
E02000333,Greenwich 021,E09000011,Greenwich,E12000007,London,6269,6152,117,49.70000,3005,2.00000,22
E02000334,Greenwich 022,E09000011,Greenwich,E12000007,London,6469,6463,6,46.70000,2585,2.50000,19
E02000335,Greenwich 023,E09000011,Greenwich,E12000007,London,6549,6549,0,50.60000,2637,2.50000,15
E02000337,Greenwich 025,E09000011,Greenwich,E12000007,London,7906,7906,0,56.50000,2998,2.60000,25
E02000339,Greenwich 027,E09000011,Greenwich,E12000007,London,5970,5963,7,47.50000,2502,2.40000,21
E02000340,Greenwich 028,E09000011,Greenwich,E12000007,London,6088,6086,2,18.60000,2799,2.20000,38
E02000341,Greenwich 029,E09000011,Greenwich,E12000007,London,7683,7683,0,42.90000,3024,2.50000,29
E02000342,Greenwich 030,E09000011,Greenwich,E12000007,London,6453,5379,1074,47.40000,2268,2.40000,13
E02000343,Greenwich 031,E09000011,Greenwich,E12000007,London,6675,6658,17,53.10000,2699,2.50000,11
E02000344,Greenwich 032,E09000011,Greenwich,E12000007,London,6387,6277,110,49.40000,2476,2.50000,21
E02000345,Hackney 001,E09000012,Hackney,E12000007,London,8838,8828,10,144.40000,2693,3.30000,14
E02000346,Hackney 002,E09000012,Hackney,E12000007,London,6092,6021,71,104.60000,2563,2.30000,23
E02000347,Hackney 003,E09000012,Hackney,E12000007,London,7956,7884,72,116.00000,2727,2.90000,6
E02000348,Hackney 004,E09000012,Hackney,E12000007,London,8120,8107,13,145.40000,2804,2.90000,8
E02000350,Hackney 006,E09000012,Hackney,E12000007,London,9502,9474,28,167.70000,3605,2.60000,9
E02000351,Hackney 007,E09000012,Hackney,E12000007,London,8523,8441,82,163.10000,3826,2.20000,10
E02000352,Hackney 008,E09000012,Hackney,E12000007,London,6883,6833,50,90.20000,2810,2.40000,11
E02000353,Hackney 009,E09000012,Hackney,E12000007,London,7786,7774,12,139.40000,3192,2.40000,14
E02000354,Hackney 010,E09000012,Hackney,E12000007,London,9502,9449,53,119.80000,4056,2.30000,17
E02000355,Hackney 011,E09000012,Hackney,E12000007,London,8485,8325,160,129.30000,3240,2.60000,17
E02000356,Hackney 012,E09000012,Hackney,E12000007,London,7346,7288,58,182.30000,3144,2.30000,10
E02000357,Hackney 013,E09000012,Hackney,E12000007,London,6339,6339,0,41.60000,2507,2.50000,13
E02000358,Hackney 014,E09000012,Hackney,E12000007,London,11058,11047,11,179.40000,4775,2.30000,14
E02000359,Hackney 015,E09000012,Hackney,E12000007,London,6581,6569,12,150.70000,2416,2.70000,8
E02000360,Hackney 016,E09000012,Hackney,E12000007,London,11292,11292,0,206.70000,4747,2.40000,18
E02000361,Hackney 017,E09000012,Hackney,E12000007,London,7640,7632,8,128.60000,3467,2.20000,26
E02000362,Hackney 018,E09000012,Hackney,E12000007,London,6363,6266,97,49.10000,2634,2.40000,32
E02000363,Hackney 019,E09000012,Hackney,E12000007,London,10845,10845,0,181.80000,4402,2.50000,18
E02000364,Hackney 020,E09000012,Hackney,E12000007,London,8867,8848,19,133.50000,3899,2.30000,16
E02000365,Hackney 021,E09000012,Hackney,E12000007,London,12764,12708,56,132.30000,5740,2.20000,29
E02000366,Hackney 022,E09000012,Hackney,E12000007,London,8514,8396,118,132.30000,3690,2.30000,17
E02000367,Hackney 023,E09000012,Hackney,E12000007,London,9741,9622,119,131.80000,4163,2.30000,20
E02000368,Hackney 024,E09000012,Hackney,E12000007,London,9614,9601,13,151.50000,4028,2.40000,17
E02000369,Hackney 025,E09000012,Hackney,E12000007,London,11594,11560,34,178.30000,5100,2.30000,10
E02000370,Hackney 026,E09000012,Hackney,E12000007,London,8301,8292,9,170.10000,3768,2.20000,15
E02000371,Hackney 027,E09000012,Hackney,E12000007,London,12369,11642,727,124.00000,5672,2.10000,42
E02000372,Hammersmith and Fulham 001,E09000013,Hammersmith and Fulham,E12000007,London,9175,8831,344,26.70000,3674,2.40000,47
E02000373,Hammersmith and Fulham 002,E09000013,Hammersmith and Fulham,E12000007,London,6658,6658,0,163.30000,2433,2.70000,7
E02000374,Hammersmith and Fulham 003,E09000013,Hammersmith and Fulham,E12000007,London,6731,6712,19,135.50000,2590,2.60000,11
E02000375,Hammersmith and Fulham 004,E09000013,Hammersmith and Fulham,E12000007,London,7028,6998,30,93.90000,3230,2.20000,24
E02000376,Hammersmith and Fulham 005,E09000013,Hammersmith and Fulham,E12000007,London,6915,6890,25,168.70000,3152,2.20000,10
E02000377,Hammersmith and Fulham 006,E09000013,Hammersmith and Fulham,E12000007,London,8169,7933,236,184.20000,3613,2.20000,13
E02000378,Hammersmith and Fulham 007,E09000013,Hammersmith and Fulham,E12000007,London,6534,6514,20,222.10000,3271,2.00000,5
E02000379,Hammersmith and Fulham 008,E09000013,Hammersmith and Fulham,E12000007,London,7581,7411,170,111.70000,3190,2.30000,10
E02000380,Hammersmith and Fulham 009,E09000013,Hammersmith and Fulham,E12000007,London,5863,5811,52,166.40000,2559,2.30000,6
E02000381,Hammersmith and Fulham 010,E09000013,Hammersmith and Fulham,E12000007,London,7768,7682,86,140.50000,3583,2.10000,3
E02000382,Hammersmith and Fulham 011,E09000013,Hammersmith and Fulham,E12000007,London,6167,6146,21,100.00000,2823,2.20000,17
E02000383,Hammersmith and Fulham 012,E09000013,Hammersmith and Fulham,E12000007,London,9432,9300,132,157.10000,4456,2.10000,10
E02000384,Hammersmith and Fulham 013,E09000013,Hammersmith and Fulham,E12000007,London,7320,7120,200,93.60000,3256,2.20000,31
E02000385,Hammersmith and Fulham 014,E09000013,Hammersmith and Fulham,E12000007,London,6162,6142,20,154.10000,3094,2.00000,9
E02000386,Hammersmith and Fulham 015,E09000013,Hammersmith and Fulham,E12000007,London,8136,8117,19,186.00000,3585,2.30000,8
E02000387,Hammersmith and Fulham 016,E09000013,Hammersmith and Fulham,E12000007,London,6272,6240,32,153.80000,2841,2.20000,7
E02000388,Hammersmith and Fulham 017,E09000013,Hammersmith and Fulham,E12000007,London,8202,8151,51,154.30000,3805,2.10000,12
E02000389,Hammersmith and Fulham 018,E09000013,Hammersmith and Fulham,E12000007,London,8255,8248,7,131.40000,3452,2.40000,4
E02000390,Hammersmith and Fulham 019,E09000013,Hammersmith and Fulham,E12000007,London,6448,6442,6,185.40000,2823,2.30000,5
E02000391,Hammersmith and Fulham 020,E09000013,Hammersmith and Fulham,E12000007,London,7729,7712,17,116.20000,3419,2.30000,22
E02000392,Hammersmith and Fulham 021,E09000013,Hammersmith and Fulham,E12000007,London,9578,9537,41,173.10000,4122,2.30000,11
E02000393,Hammersmith and Fulham 022,E09000013,Hammersmith and Fulham,E12000007,London,6031,6025,6,169.40000,2650,2.30000,5
E02000394,Hammersmith and Fulham 023,E09000013,Hammersmith and Fulham,E12000007,London,7755,7448,307,117.80000,3551,2.10000,14
E02000395,Hammersmith and Fulham 024,E09000013,Hammersmith and Fulham,E12000007,London,5951,5951,0,61.40000,2719,2.20000,16
E02000396,Hammersmith and Fulham 025,E09000013,Hammersmith and Fulham,E12000007,London,6633,6633,0,106.10000,2699,2.50000,9
E02000397,Haringey 001,E09000014,Haringey,E12000007,London,7815,7798,17,138.60000,3376,2.30000,4
E02000398,Haringey 002,E09000014,Haringey,E12000007,London,7123,6999,124,59.80000,2713,2.60000,13
E02000400,Haringey 004,E09000014,Haringey,E12000007,London,7668,7648,20,57.50000,3061,2.50000,18
E02000401,Haringey 005,E09000014,Haringey,E12000007,London,6734,6734,0,90.20000,2351,2.90000,14
E02000402,Haringey 006,E09000014,Haringey,E12000007,London,6697,6697,0,70.50000,2469,2.70000,17
E02000403,Haringey 007,E09000014,Haringey,E12000007,London,7199,7194,5,84.60000,2915,2.50000,17
E02000404,Haringey 008,E09000014,Haringey,E12000007,London,7315,7304,11,114.10000,2640,2.80000,12
E02000405,Haringey 009,E09000014,Haringey,E12000007,London,6548,6541,7,36.70000,2550,2.60000,16
E02000406,Haringey 010,E09000014,Haringey,E12000007,London,7025,7025,0,153.40000,2665,2.60000,6
E02000407,Haringey 011,E09000014,Haringey,E12000007,London,7312,7239,73,140.10000,2905,2.50000,15
E02000408,Haringey 012,E09000014,Haringey,E12000007,London,7612,7577,35,147.00000,2689,2.80000,14
E02000409,Haringey 013,E09000014,Haringey,E12000007,London,6527,6470,57,94.00000,2505,2.60000,8
E02000410,Haringey 014,E09000014,Haringey,E12000007,London,6693,6636,57,89.00000,2839,2.30000,11
E02000411,Haringey 015,E09000014,Haringey,E12000007,London,7452,7450,2,53.50000,2695,2.80000,30
E02000412,Haringey 016,E09000014,Haringey,E12000007,London,6914,6760,154,89.60000,2873,2.40000,18
E02000413,Haringey 017,E09000014,Haringey,E12000007,London,7500,7408,92,61.50000,2945,2.50000,9
E02000414,Haringey 018,E09000014,Haringey,E12000007,London,7171,7156,15,175.20000,2562,2.80000,8
E02000415,Haringey 019,E09000014,Haringey,E12000007,London,6845,6811,34,97.20000,2697,2.50000,15
E02000416,Haringey 020,E09000014,Haringey,E12000007,London,7490,7482,8,119.10000,3463,2.20000,8
E02000417,Haringey 021,E09000014,Haringey,E12000007,London,6676,6584,92,63.00000,2852,2.30000,21
E02000418,Haringey 022,E09000014,Haringey,E12000007,London,5509,5509,0,77.20000,2235,2.50000,7
E02000419,Haringey 023,E09000014,Haringey,E12000007,London,8108,8100,8,126.30000,3323,2.40000,13
E02000420,Haringey 024,E09000014,Haringey,E12000007,London,7432,7425,7,128.80000,3050,2.40000,16
E02000421,Haringey 025,E09000014,Haringey,E12000007,London,7148,6958,190,91.20000,2875,2.40000,17
E02000422,Haringey 026,E09000014,Haringey,E12000007,London,7825,7783,42,144.20000,2926,2.70000,12
E02000423,Haringey 027,E09000014,Haringey,E12000007,London,6813,6709,104,122.80000,2516,2.70000,11
E02000424,Haringey 028,E09000014,Haringey,E12000007,London,7198,7056,142,108.10000,3088,2.30000,14
E02000425,Haringey 029,E09000014,Haringey,E12000007,London,7256,7251,5,134.10000,2116,3.40000,9
E02000426,Haringey 030,E09000014,Haringey,E12000007,London,6731,6650,81,30.20000,2882,2.30000,30
E02000427,Haringey 031,E09000014,Haringey,E12000007,London,6854,6828,26,63.80000,2829,2.40000,12
E02000428,Haringey 032,E09000014,Haringey,E12000007,London,7022,7014,8,117.70000,2758,2.50000,9
E02000429,Haringey 033,E09000014,Haringey,E12000007,London,6852,6803,49,69.90000,3207,2.10000,15
E02000430,Haringey 034,E09000014,Haringey,E12000007,London,7417,7408,9,112.60000,3462,2.10000,17
E02000431,Haringey 035,E09000014,Haringey,E12000007,London,6685,6531,154,109.60000,3133,2.10000,14
E02000432,Haringey 036,E09000014,Haringey,E12000007,London,6454,6421,33,120.40000,2879,2.20000,6
E02000433,Harrow 001,E09000015,Harrow,E12000007,London,7686,7558,128,12.20000,3309,2.30000,38
E02000434,Harrow 002,E09000015,Harrow,E12000007,London,8588,8525,63,43.80000,3138,2.70000,15
E02000435,Harrow 003,E09000015,Harrow,E12000007,London,7426,7322,104,41.10000,2728,2.70000,8
E02000436,Harrow 004,E09000015,Harrow,E12000007,London,5782,5721,61,12.20000,2080,2.80000,12
E02000437,Harrow 005,E09000015,Harrow,E12000007,London,8377,8298,79,60.00000,3082,2.70000,17
E02000438,Harrow 006,E09000015,Harrow,E12000007,London,7910,7821,89,45.20000,2990,2.60000,23
E02000439,Harrow 007,E09000015,Harrow,E12000007,London,8206,8206,0,77.20000,2711,3.00000,11
E02000440,Harrow 008,E09000015,Harrow,E12000007,London,9569,9518,51,64.00000,3087,3.10000,23
E02000441,Harrow 009,E09000015,Harrow,E12000007,London,6714,6680,34,28.70000,2765,2.40000,20
E02000442,Harrow 010,E09000015,Harrow,E12000007,London,8706,8706,0,76.40000,2532,3.40000,17
E02000443,Harrow 011,E09000015,Harrow,E12000007,London,9470,9431,39,96.80000,3203,2.90000,7
E02000444,Harrow 012,E09000015,Harrow,E12000007,London,8499,8418,81,77.70000,2682,3.10000,17
E02000445,Harrow 013,E09000015,Harrow,E12000007,London,10250,10211,39,81.90000,3616,2.80000,21
E02000447,Harrow 015,E09000015,Harrow,E12000007,London,7058,7052,6,33.20000,2453,2.90000,19
E02000448,Harrow 016,E09000015,Harrow,E12000007,London,6641,6606,35,38.60000,2730,2.40000,16
E02000449,Harrow 017,E09000015,Harrow,E12000007,London,8137,8131,6,88.60000,2531,3.20000,6
E02000451,Harrow 019,E09000015,Harrow,E12000007,London,6550,6531,19,41.00000,2341,2.80000,16
E02000452,Harrow 020,E09000015,Harrow,E12000007,London,8218,8125,93,73.10000,3039,2.70000,11
E02000453,Harrow 021,E09000015,Harrow,E12000007,London,7620,7606,14,73.70000,2800,2.70000,11
E02000454,Harrow 022,E09000015,Harrow,E12000007,London,7082,7079,3,45.20000,2550,2.80000,17
E02000455,Harrow 023,E09000015,Harrow,E12000007,London,8135,8050,85,66.10000,3306,2.40000,29
E02000456,Harrow 024,E09000015,Harrow,E12000007,London,7059,7028,31,76.30000,2512,2.80000,13
E02000457,Harrow 025,E09000015,Harrow,E12000007,London,6314,6309,5,54.40000,2200,2.90000,7
E02000459,Harrow 027,E09000015,Harrow,E12000007,London,8235,8227,8,68.60000,3159,2.60000,16
E02000460,Harrow 028,E09000015,Harrow,E12000007,London,6518,6488,30,75.30000,2189,3.00000,14
E02000461,Harrow 029,E09000015,Harrow,E12000007,London,6947,6066,881,26.10000,2556,2.40000,23
E02000462,Harrow 030,E09000015,Harrow,E12000007,London,6632,6624,8,66.40000,2210,3.00000,12
E02000463,Harrow 031,E09000015,Harrow,E12000007,London,8429,8422,7,90.70000,2788,3.00000,4
E02000464,Havering 001,E09000016,Havering,E12000007,London,6451,6338,113,11.00000,2597,2.40000,25
E02000465,Havering 002,E09000016,Havering,E12000007,London,7930,7929,1,28.30000,3256,2.40000,38
E02000466,Havering 003,E09000016,Havering,E12000007,London,8287,8188,99,13.20000,3235,2.50000,22
E02000467,Havering 004,E09000016,Havering,E12000007,London,9643,9604,39,71.00000,4087,2.30000,26
E02000468,Havering 005,E09000016,Havering,E12000007,London,7782,7705,77,19.00000,3099,2.50000,20
E02000469,Havering 006,E09000016,Havering,E12000007,London,6443,6332,111,37.60000,2664,2.40000,23
E02000470,Havering 007,E09000016,Havering,E12000007,London,7887,7854,33,11.70000,3487,2.30000,35
E02000471,Havering 008,E09000016,Havering,E12000007,London,7457,7449,8,34.80000,2961,2.50000,17
E02000472,Havering 009,E09000016,Havering,E12000007,London,8989,8954,35,58.50000,3544,2.50000,16
E02000473,Havering 010,E09000016,Havering,E12000007,London,9588,9555,33,33.60000,3841,2.50000,19
E02000474,Havering 011,E09000016,Havering,E12000007,London,8343,8297,46,37.80000,3514,2.40000,24
E02000475,Havering 012,E09000016,Havering,E12000007,London,9196,9107,89,32.80000,3933,2.30000,24
E02000476,Havering 013,E09000016,Havering,E12000007,London,8414,8330,84,53.70000,4023,2.10000,37
E02000477,Havering 014,E09000016,Havering,E12000007,London,9360,9347,13,53.50000,3725,2.50000,21
E02000478,Havering 015,E09000016,Havering,E12000007,London,5885,5811,74,23.60000,2156,2.70000,10
E02000479,Havering 016,E09000016,Havering,E12000007,London,8134,8022,112,59.20000,3529,2.30000,22
E02000480,Havering 017,E09000016,Havering,E12000007,London,9795,9676,119,29.00000,3872,2.50000,38
E02000481,Havering 018,E09000016,Havering,E12000007,London,7793,7672,121,6.40000,3254,2.40000,12
E02000482,Havering 019,E09000016,Havering,E12000007,London,6396,6374,22,22.60000,2546,2.50000,31
E02000483,Havering 020,E09000016,Havering,E12000007,London,7614,7562,52,47.50000,3423,2.20000,24
E02000484,Havering 021,E09000016,Havering,E12000007,London,8199,8187,12,44.30000,3180,2.60000,10
E02000485,Havering 022,E09000016,Havering,E12000007,London,7986,7956,30,38.10000,3375,2.40000,24
E02000486,Havering 023,E09000016,Havering,E12000007,London,7366,7300,66,57.80000,3039,2.40000,13
E02000487,Havering 024,E09000016,Havering,E12000007,London,7843,7748,95,6.10000,2970,2.60000,20
E02000488,Havering 025,E09000016,Havering,E12000007,London,7431,7431,0,40.60000,2967,2.50000,14
E02000489,Havering 026,E09000016,Havering,E12000007,London,7884,7884,0,30.30000,3155,2.50000,19
E02000490,Havering 027,E09000016,Havering,E12000007,London,7828,7828,0,38.20000,3169,2.50000,16
E02000491,Havering 028,E09000016,Havering,E12000007,London,8826,8774,52,18.40000,3603,2.40000,41
E02000492,Havering 029,E09000016,Havering,E12000007,London,6272,6247,25,4.50000,2524,2.50000,20
E02000493,Havering 030,E09000016,Havering,E12000007,London,6210,6210,0,48.20000,2471,2.50000,19
E02000494,Hillingdon 001,E09000017,Hillingdon,E12000007,London,7479,7388,91,12.00000,3115,2.40000,22
E02000495,Hillingdon 002,E09000017,Hillingdon,E12000007,London,9473,9348,125,34.70000,4141,2.30000,40
E02000496,Hillingdon 003,E09000017,Hillingdon,E12000007,London,7399,7181,218,4.90000,3008,2.40000,26
E02000497,Hillingdon 004,E09000017,Hillingdon,E12000007,London,8529,8468,61,31.60000,3440,2.50000,23
E02000498,Hillingdon 005,E09000017,Hillingdon,E12000007,London,6020,6020,0,19.20000,2561,2.40000,19
E02000499,Hillingdon 006,E09000017,Hillingdon,E12000007,London,7765,7765,0,48.30000,3001,2.60000,16
E02000500,Hillingdon 007,E09000017,Hillingdon,E12000007,London,7714,7664,50,26.60000,3093,2.50000,30
E02000501,Hillingdon 008,E09000017,Hillingdon,E12000007,London,8247,8197,50,57.40000,3163,2.60000,14
E02000502,Hillingdon 009,E09000017,Hillingdon,E12000007,London,7613,7512,101,18.30000,3097,2.40000,14
E02000503,Hillingdon 010,E09000017,Hillingdon,E12000007,London,8986,8560,426,65.10000,3235,2.60000,11
E02000504,Hillingdon 011,E09000017,Hillingdon,E12000007,London,7382,7359,23,24.10000,2891,2.50000,16
E02000506,Hillingdon 013,E09000017,Hillingdon,E12000007,London,7541,7455,86,13.70000,2725,2.70000,24
E02000507,Hillingdon 014,E09000017,Hillingdon,E12000007,London,7943,7943,0,29.50000,2756,2.90000,11
E02000508,Hillingdon 015,E09000017,Hillingdon,E12000007,London,9184,7014,2170,33.40000,3075,2.30000,35
E02000509,Hillingdon 016,E09000017,Hillingdon,E12000007,London,9823,7651,2172,48.80000,3112,2.50000,17
E02000510,Hillingdon 017,E09000017,Hillingdon,E12000007,London,8634,8554,80,40.50000,3196,2.70000,27
E02000511,Hillingdon 018,E09000017,Hillingdon,E12000007,London,9426,9357,69,39.50000,3211,2.90000,23
E02000512,Hillingdon 019,E09000017,Hillingdon,E12000007,London,8001,7989,12,56.80000,2968,2.70000,18
E02000513,Hillingdon 020,E09000017,Hillingdon,E12000007,London,8980,8967,13,61.00000,3234,2.80000,16
E02000514,Hillingdon 021,E09000017,Hillingdon,E12000007,London,9820,9791,29,81.90000,3044,3.20000,11
E02000515,Hillingdon 022,E09000017,Hillingdon,E12000007,London,10439,10388,51,33.10000,4303,2.40000,24
E02000516,Hillingdon 023,E09000017,Hillingdon,E12000007,London,8269,8263,6,50.00000,2764,3.00000,9
E02000517,Hillingdon 024,E09000017,Hillingdon,E12000007,London,8626,8570,56,55.80000,2917,2.90000,25
E02000518,Hillingdon 025,E09000017,Hillingdon,E12000007,London,8606,8593,13,34.10000,3099,2.80000,26
E02000519,Hillingdon 026,E09000017,Hillingdon,E12000007,London,8658,8645,13,47.70000,2890,3.00000,22
E02000520,Hillingdon 027,E09000017,Hillingdon,E12000007,London,11251,11068,183,25.80000,3645,3.00000,36
E02000521,Hillingdon 028,E09000017,Hillingdon,E12000007,London,9912,9904,8,40.40000,3397,2.90000,23
E02000522,Hillingdon 029,E09000017,Hillingdon,E12000007,London,8653,8581,72,55.10000,3269,2.60000,20
E02000523,Hillingdon 030,E09000017,Hillingdon,E12000007,London,9636,9535,101,58.50000,2939,3.20000,31
E02000524,Hillingdon 031,E09000017,Hillingdon,E12000007,London,6663,6271,392,3.20000,2462,2.50000,87
E02000525,Hillingdon 032,E09000017,Hillingdon,E12000007,London,8826,8822,4,21.70000,3142,2.80000,22
E02000526,Hounslow 001,E09000018,Hounslow,E12000007,London,8378,8292,86,90.70000,3536,2.30000,25
E02000528,Hounslow 003,E09000018,Hounslow,E12000007,London,10614,10603,11,45.70000,4770,2.20000,33
E02000529,Hounslow 004,E09000018,Hounslow,E12000007,London,8448,8448,0,71.50000,2776,3.00000,8
E02000530,Hounslow 005,E09000018,Hounslow,E12000007,London,6837,6836,1,25.10000,2314,3.00000,30
E02000531,Hounslow 006,E09000018,Hounslow,E12000007,London,10337,9472,865,40.40000,4269,2.20000,35
E02000532,Hounslow 007,E09000018,Hounslow,E12000007,London,9160,9149,11,40.00000,4001,2.30000,20
E02000533,Hounslow 008,E09000018,Hounslow,E12000007,London,8406,8406,0,79.00000,3835,2.20000,6
E02000534,Hounslow 009,E09000018,Hounslow,E12000007,London,8044,8029,15,16.50000,2917,2.80000,35
E02000535,Hounslow 010,E09000018,Hounslow,E12000007,London,9291,9287,4,60.00000,2852,3.30000,23
E02000536,Hounslow 011,E09000018,Hounslow,E12000007,London,9269,9189,80,57.70000,2925,3.10000,31
E02000537,Hounslow 012,E09000018,Hounslow,E12000007,London,8620,8612,8,45.70000,2841,3.00000,19
E02000538,Hounslow 013,E09000018,Hounslow,E12000007,London,8680,8680,0,36.80000,2648,3.30000,21
E02000539,Hounslow 014,E09000018,Hounslow,E12000007,London,10752,10662,90,65.30000,4299,2.50000,38
E02000540,Hounslow 015,E09000018,Hounslow,E12000007,London,9246,9211,35,73.70000,3564,2.60000,26
E02000541,Hounslow 016,E09000018,Hounslow,E12000007,London,8875,8866,9,84.20000,2846,3.10000,19
E02000542,Hounslow 017,E09000018,Hounslow,E12000007,London,9396,9298,98,89.80000,3166,2.90000,24
E02000543,Hounslow 018,E09000018,Hounslow,E12000007,London,11713,11652,61,102.30000,4170,2.80000,33
E02000544,Hounslow 019,E09000018,Hounslow,E12000007,London,8199,8199,0,59.20000,2793,2.90000,17
E02000545,Hounslow 020,E09000018,Hounslow,E12000007,London,8181,8137,44,62.20000,3299,2.50000,19
E02000546,Hounslow 021,E09000018,Hounslow,E12000007,London,9750,9568,182,39.60000,3018,3.20000,18
E02000547,Hounslow 022,E09000018,Hounslow,E12000007,London,9360,9360,0,28.70000,3547,2.60000,30
E02000548,Hounslow 023,E09000018,Hounslow,E12000007,London,9103,9085,18,25.80000,3539,2.60000,32
E02000549,Hounslow 024,E09000018,Hounslow,E12000007,London,11017,10865,152,44.90000,3937,2.80000,34
E02000550,Hounslow 025,E09000018,Hounslow,E12000007,London,10403,10403,0,110.10000,3840,2.70000,6
E02000551,Hounslow 026,E09000018,Hounslow,E12000007,London,8614,8614,0,40.50000,3294,2.60000,31
E02000552,Hounslow 027,E09000018,Hounslow,E12000007,London,8266,8098,168,27.00000,3266,2.50000,20
E02000553,Hounslow 028,E09000018,Hounslow,E12000007,London,6605,6605,0,26.20000,2605,2.50000,27
E02000554,Islington 001,E09000019,Islington,E12000007,London,9182,9132,50,144.10000,4226,2.20000,18
E02000555,Islington 002,E09000019,Islington,E12000007,London,9408,9355,53,157.80000,3986,2.30000,10
E02000556,Islington 003,E09000019,Islington,E12000007,London,10008,9990,18,153.70000,4561,2.20000,11
E02000557,Islington 004,E09000019,Islington,E12000007,London,8124,8066,58,114.70000,3929,2.10000,28
E02000558,Islington 005,E09000019,Islington,E12000007,London,8870,8693,177,184.30000,3780,2.30000,15
E02000559,Islington 006,E09000019,Islington,E12000007,London,8778,8778,0,152.20000,3882,2.30000,8
E02000560,Islington 007,E09000019,Islington,E12000007,London,7076,6888,188,140.60000,3177,2.20000,9
E02000561,Islington 008,E09000019,Islington,E12000007,London,7746,7632,114,126.30000,3413,2.20000,8
E02000562,Islington 009,E09000019,Islington,E12000007,London,7934,7814,120,122.40000,3594,2.20000,14
E02000563,Islington 010,E09000019,Islington,E12000007,London,8486,8028,458,146.40000,3652,2.20000,15
E02000564,Islington 011,E09000019,Islington,E12000007,London,10488,10465,23,129.90000,5004,2.10000,18
E02000565,Islington 012,E09000019,Islington,E12000007,London,8187,7974,213,159.70000,3610,2.20000,14
E02000566,Islington 013,E09000019,Islington,E12000007,London,8164,8164,0,116.60000,3662,2.20000,12
E02000567,Islington 014,E09000019,Islington,E12000007,London,10358,10358,0,155.90000,4937,2.10000,20
E02000568,Islington 015,E09000019,Islington,E12000007,London,9625,8661,964,106.60000,4063,2.10000,21
E02000569,Islington 016,E09000019,Islington,E12000007,London,10022,10015,7,143.10000,4745,2.10000,16
E02000570,Islington 017,E09000019,Islington,E12000007,London,8615,8595,20,143.30000,4119,2.10000,9
E02000571,Islington 018,E09000019,Islington,E12000007,London,8031,7998,33,161.30000,3777,2.10000,10
E02000572,Islington 019,E09000019,Islington,E12000007,London,8571,8108,463,186.90000,3490,2.30000,15
E02000573,Islington 020,E09000019,Islington,E12000007,London,8674,8507,167,119.60000,4204,2.00000,18
E02000574,Islington 021,E09000019,Islington,E12000007,London,8501,7708,793,139.80000,3840,2.00000,18
E02000575,Islington 022,E09000019,Islington,E12000007,London,11889,10418,1471,127.90000,5583,1.90000,34
E02000576,Islington 023,E09000019,Islington,E12000007,London,9388,8787,601,124.20000,4322,2.00000,20
E02000577,Kensington and Chelsea 001,E09000020,Kensington and Chelsea,E12000007,London,7199,7195,4,82.60000,3163,2.30000,19
E02000578,Kensington and Chelsea 002,E09000020,Kensington and Chelsea,E12000007,London,5798,5706,92,112.90000,2454,2.30000,11
E02000579,Kensington and Chelsea 003,E09000020,Kensington and Chelsea,E12000007,London,8616,8570,46,141.10000,4013,2.10000,14
E02000580,Kensington and Chelsea 004,E09000020,Kensington and Chelsea,E12000007,London,8655,8619,36,218.50000,4517,1.90000,10
E02000581,Kensington and Chelsea 005,E09000020,Kensington and Chelsea,E12000007,London,7298,7292,6,169.20000,3311,2.20000,7
E02000582,Kensington and Chelsea 006,E09000020,Kensington and Chelsea,E12000007,London,7659,7317,342,157.00000,3946,1.90000,16
E02000583,Kensington and Chelsea 007,E09000020,Kensington and Chelsea,E12000007,London,7303,7290,13,126.90000,3496,2.10000,13
E02000584,Kensington and Chelsea 008,E09000020,Kensington and Chelsea,E12000007,London,8178,7952,226,89.70000,3922,2.00000,15
E02000585,Kensington and Chelsea 009,E09000020,Kensington and Chelsea,E12000007,London,8384,8361,23,92.40000,3919,2.10000,16
E02000586,Kensington and Chelsea 010,E09000020,Kensington and Chelsea,E12000007,London,7769,7566,203,147.90000,3729,2.00000,15
E02000587,Kensington and Chelsea 011,E09000020,Kensington and Chelsea,E12000007,London,7523,7488,35,144.00000,3536,2.10000,11
E02000588,Kensington and Chelsea 012,E09000020,Kensington and Chelsea,E12000007,London,8159,8158,1,106.40000,4458,1.80000,15
E02000589,Kensington and Chelsea 013,E09000020,Kensington and Chelsea,E12000007,London,8444,8138,306,227.70000,4422,1.80000,5
E02000590,Kensington and Chelsea 014,E09000020,Kensington and Chelsea,E12000007,London,7015,7010,5,152.30000,3890,1.80000,20
E02000591,Kensington and Chelsea 015,E09000020,Kensington and Chelsea,E12000007,London,6769,6648,121,187.60000,3589,1.90000,11
E02000592,Kensington and Chelsea 016,E09000020,Kensington and Chelsea,E12000007,London,6761,6724,37,119.20000,3583,1.90000,25
E02000593,Kensington and Chelsea 017,E09000020,Kensington and Chelsea,E12000007,London,7624,7601,23,153.00000,4067,1.90000,14
E02000594,Kensington and Chelsea 018,E09000020,Kensington and Chelsea,E12000007,London,7252,6958,294,93.70000,3710,1.90000,20
E02000595,Kensington and Chelsea 019,E09000020,Kensington and Chelsea,E12000007,London,7331,7107,224,115.40000,3747,1.90000,22
E02000596,Kensington and Chelsea 020,E09000020,Kensington and Chelsea,E12000007,London,7782,7119,663,142.10000,3605,2.00000,10
E02000597,Kensington and Chelsea 021,E09000020,Kensington and Chelsea,E12000007,London,7130,7120,10,180.50000,3459,2.10000,12
E02000598,Kingston upon Thames 001,E09000021,Kingston upon Thames,E12000007,London,7837,7837,0,58.90000,3001,2.60000,20
E02000599,Kingston upon Thames 002,E09000021,Kingston upon Thames,E12000007,London,7270,6688,582,17.50000,2368,2.80000,33
E02000600,Kingston upon Thames 003,E09000021,Kingston upon Thames,E12000007,London,8225,8084,141,74.40000,3354,2.40000,21
E02000601,Kingston upon Thames 004,E09000021,Kingston upon Thames,E12000007,London,10409,10277,132,97.20000,4245,2.40000,7
E02000602,Kingston upon Thames 005,E09000021,Kingston upon Thames,E12000007,London,9390,9213,177,87.10000,3997,2.30000,18
E02000603,Kingston upon Thames 006,E09000021,Kingston upon Thames,E12000007,London,7860,7809,51,59.40000,2798,2.80000,15
E02000604,Kingston upon Thames 007,E09000021,Kingston upon Thames,E12000007,London,8586,8558,28,56.00000,3343,2.60000,14
E02000605,Kingston upon Thames 008,E09000021,Kingston upon Thames,E12000007,London,7863,7782,81,54.70000,3013,2.60000,9
E02000606,Kingston upon Thames 009,E09000021,Kingston upon Thames,E12000007,London,10107,9827,280,67.50000,4799,2.00000,56
E02000607,Kingston upon Thames 010,E09000021,Kingston upon Thames,E12000007,London,6829,6117,712,47.40000,2497,2.40000,14
E02000608,Kingston upon Thames 011,E09000021,Kingston upon Thames,E12000007,London,6993,6104,889,85.20000,3182,1.90000,19
E02000609,Kingston upon Thames 012,E09000021,Kingston upon Thames,E12000007,London,7437,7380,57,50.40000,2741,2.70000,15
E02000610,Kingston upon Thames 013,E09000021,Kingston upon Thames,E12000007,London,7629,7441,188,68.60000,3785,2.00000,13
E02000611,Kingston upon Thames 014,E09000021,Kingston upon Thames,E12000007,London,7313,7313,0,40.60000,2649,2.80000,17
E02000612,Kingston upon Thames 015,E09000021,Kingston upon Thames,E12000007,London,8028,7936,92,42.50000,3051,2.60000,12
E02000613,Kingston upon Thames 016,E09000021,Kingston upon Thames,E12000007,London,7841,7660,181,65.20000,3174,2.40000,16
E02000614,Kingston upon Thames 017,E09000021,Kingston upon Thames,E12000007,London,8404,8359,45,28.50000,3072,2.70000,20
E02000615,Kingston upon Thames 018,E09000021,Kingston upon Thames,E12000007,London,7471,7471,0,45.70000,2916,2.60000,15
E02000616,Kingston upon Thames 019,E09000021,Kingston upon Thames,E12000007,London,6031,6013,18,46.00000,2363,2.50000,11
E02000617,Kingston upon Thames 020,E09000021,Kingston upon Thames,E12000007,London,8537,8489,48,12.10000,3291,2.60000,34
E02000619,Lambeth 002,E09000022,Lambeth,E12000007,London,8054,7987,67,146.90000,3743,2.10000,11
E02000620,Lambeth 003,E09000022,Lambeth,E12000007,London,9370,9350,20,129.00000,4398,2.10000,21
E02000621,Lambeth 004,E09000022,Lambeth,E12000007,London,10429,10271,158,143.10000,5083,2.00000,26
E02000622,Lambeth 005,E09000022,Lambeth,E12000007,London,8094,8031,63,104.00000,3482,2.30000,24
E02000623,Lambeth 006,E09000022,Lambeth,E12000007,London,7990,7979,11,174.20000,3409,2.30000,7
E02000624,Lambeth 007,E09000022,Lambeth,E12000007,London,7976,7933,43,138.60000,3500,2.30000,7
E02000625,Lambeth 008,E09000022,Lambeth,E12000007,London,8361,8310,51,150.60000,3383,2.50000,14
E02000626,Lambeth 009,E09000022,Lambeth,E12000007,London,8301,8256,45,149.40000,3443,2.40000,10
E02000627,Lambeth 010,E09000022,Lambeth,E12000007,London,9571,9496,75,181.90000,4042,2.30000,15
E02000628,Lambeth 011,E09000022,Lambeth,E12000007,London,9731,9676,55,148.40000,3972,2.40000,25
E02000629,Lambeth 012,E09000022,Lambeth,E12000007,London,9033,9004,29,140.80000,3973,2.30000,13
E02000630,Lambeth 013,E09000022,Lambeth,E12000007,London,7266,7265,1,107.10000,3336,2.20000,23
E02000631,Lambeth 014,E09000022,Lambeth,E12000007,London,8832,8798,34,83.00000,3723,2.40000,23
E02000632,Lambeth 015,E09000022,Lambeth,E12000007,London,9516,9484,32,180.20000,4148,2.30000,6
E02000633,Lambeth 016,E09000022,Lambeth,E12000007,London,8642,8581,61,136.90000,3872,2.20000,24
E02000634,Lambeth 017,E09000022,Lambeth,E12000007,London,6846,6740,106,131.40000,3021,2.20000,14
E02000635,Lambeth 018,E09000022,Lambeth,E12000007,London,9157,9138,19,73.70000,4066,2.20000,24
E02000636,Lambeth 019,E09000022,Lambeth,E12000007,London,7639,7613,26,82.70000,3076,2.50000,11
E02000637,Lambeth 020,E09000022,Lambeth,E12000007,London,8687,8637,50,148.70000,3935,2.20000,7
E02000638,Lambeth 021,E09000022,Lambeth,E12000007,London,9898,9509,389,144.50000,4104,2.30000,10
E02000639,Lambeth 022,E09000022,Lambeth,E12000007,London,8119,8090,29,139.00000,3398,2.40000,16
E02000640,Lambeth 023,E09000022,Lambeth,E12000007,London,9123,9110,13,111.50000,3785,2.40000,16
E02000641,Lambeth 024,E09000022,Lambeth,E12000007,London,8779,8638,141,143.90000,3442,2.50000,11
E02000642,Lambeth 025,E09000022,Lambeth,E12000007,London,9628,9617,11,88.80000,4162,2.30000,23
E02000643,Lambeth 026,E09000022,Lambeth,E12000007,London,8369,8347,22,119.40000,3589,2.30000,16
E02000644,Lambeth 027,E09000022,Lambeth,E12000007,London,8620,8524,96,95.30000,3565,2.40000,18
E02000645,Lambeth 028,E09000022,Lambeth,E12000007,London,9020,8992,28,79.60000,3870,2.30000,25
E02000646,Lambeth 029,E09000022,Lambeth,E12000007,London,9121,8983,138,96.20000,3842,2.30000,15
E02000647,Lambeth 030,E09000022,Lambeth,E12000007,London,8483,8325,158,87.70000,3444,2.40000,20
E02000648,Lambeth 031,E09000022,Lambeth,E12000007,London,7791,7683,108,110.60000,3232,2.40000,16
E02000649,Lambeth 032,E09000022,Lambeth,E12000007,London,11181,10973,208,108.00000,4887,2.20000,29
E02000650,Lambeth 033,E09000022,Lambeth,E12000007,London,7424,7424,0,96.20000,3233,2.30000,10
E02000651,Lambeth 034,E09000022,Lambeth,E12000007,London,8591,8456,135,76.70000,3492,2.40000,16
E02000652,Lambeth 035,E09000022,Lambeth,E12000007,London,7363,7324,39,107.10000,2527,2.90000,5
E02000653,Lewisham 001,E09000023,Lewisham,E12000007,London,8544,8525,19,126.30000,3547,2.40000,16
E02000654,Lewisham 002,E09000023,Lewisham,E12000007,London,8059,8055,4,85.20000,3336,2.40000,12
E02000655,Lewisham 003,E09000023,Lewisham,E12000007,London,8208,7887,321,83.90000,3366,2.30000,9
E02000657,Lewisham 005,E09000023,Lewisham,E12000007,London,9078,8566,512,103.90000,3776,2.30000,21
E02000658,Lewisham 006,E09000023,Lewisham,E12000007,London,8314,8295,19,107.40000,3538,2.30000,11
E02000659,Lewisham 007,E09000023,Lewisham,E12000007,London,7697,7611,86,75.00000,3284,2.30000,12
E02000660,Lewisham 008,E09000023,Lewisham,E12000007,London,8078,7945,133,99.40000,3659,2.20000,15
E02000661,Lewisham 009,E09000023,Lewisham,E12000007,London,6342,6275,67,49.30000,3139,2.00000,20
E02000662,Lewisham 010,E09000023,Lewisham,E12000007,London,8100,8093,7,105.20000,3317,2.40000,18
E02000663,Lewisham 011,E09000023,Lewisham,E12000007,London,7194,7186,8,109.60000,2903,2.50000,16
E02000664,Lewisham 012,E09000023,Lewisham,E12000007,London,9928,9797,131,70.20000,4452,2.20000,45
E02000665,Lewisham 013,E09000023,Lewisham,E12000007,London,7916,7907,9,98.90000,3504,2.30000,17
E02000666,Lewisham 014,E09000023,Lewisham,E12000007,London,7321,7214,107,76.90000,2859,2.50000,22
E02000667,Lewisham 015,E09000023,Lewisham,E12000007,London,6534,6526,8,89.80000,2595,2.50000,14
E02000668,Lewisham 016,E09000023,Lewisham,E12000007,London,6657,6647,10,66.00000,2816,2.40000,11
E02000669,Lewisham 017,E09000023,Lewisham,E12000007,London,7518,7403,115,117.00000,3270,2.30000,14
E02000670,Lewisham 018,E09000023,Lewisham,E12000007,London,6539,6522,17,105.20000,2748,2.40000,10
E02000671,Lewisham 019,E09000023,Lewisham,E12000007,London,8403,8375,28,84.50000,3668,2.30000,19
E02000672,Lewisham 020,E09000023,Lewisham,E12000007,London,8377,8206,171,72.30000,3509,2.30000,34
E02000673,Lewisham 021,E09000023,Lewisham,E12000007,London,8007,7988,19,75.50000,3490,2.30000,22
E02000674,Lewisham 022,E09000023,Lewisham,E12000007,London,8015,7944,71,98.00000,3020,2.60000,17
E02000675,Lewisham 023,E09000023,Lewisham,E12000007,London,8204,8165,39,57.20000,3419,2.40000,26
E02000676,Lewisham 024,E09000023,Lewisham,E12000007,London,7713,7694,19,103.40000,3252,2.40000,7
E02000677,Lewisham 025,E09000023,Lewisham,E12000007,London,7199,7103,96,68.50000,2692,2.60000,10
E02000678,Lewisham 026,E09000023,Lewisham,E12000007,London,6087,6087,0,58.90000,2432,2.50000,10
E02000679,Lewisham 027,E09000023,Lewisham,E12000007,London,7905,7867,38,84.20000,3455,2.30000,16
E02000680,Lewisham 028,E09000023,Lewisham,E12000007,London,6847,6750,97,89.20000,3016,2.20000,23
E02000681,Lewisham 029,E09000023,Lewisham,E12000007,London,8094,8094,0,59.80000,3268,2.50000,19
E02000682,Lewisham 030,E09000023,Lewisham,E12000007,London,8162,8147,15,68.60000,3095,2.60000,23
E02000683,Lewisham 031,E09000023,Lewisham,E12000007,London,6444,6443,1,67.20000,2763,2.30000,19
E02000685,Lewisham 033,E09000023,Lewisham,E12000007,London,7679,7584,95,79.40000,3357,2.30000,20
E02000686,Lewisham 034,E09000023,Lewisham,E12000007,London,6681,6672,9,38.60000,2839,2.40000,21
E02000687,Lewisham 035,E09000023,Lewisham,E12000007,London,7926,7828,98,102.00000,3436,2.30000,17
E02000689,Merton 001,E09000024,Merton,E12000007,London,8258,8239,19,42.40000,3230,2.60000,13
E02000690,Merton 002,E09000024,Merton,E12000007,London,5656,5527,129,10.50000,2300,2.40000,20
E02000691,Merton 003,E09000024,Merton,E12000007,London,7334,7168,166,79.00000,2968,2.40000,21
E02000692,Merton 004,E09000024,Merton,E12000007,London,7662,7567,95,67.00000,3686,2.10000,17
E02000693,Merton 005,E09000024,Merton,E12000007,London,9173,8935,238,87.60000,3973,2.20000,11
E02000694,Merton 006,E09000024,Merton,E12000007,London,8730,8714,16,112.80000,3828,2.30000,12
E02000695,Merton 007,E09000024,Merton,E12000007,London,8287,8269,18,102.80000,2813,2.90000,4
E02000696,Merton 008,E09000024,Merton,E12000007,London,8072,8072,0,108.90000,3185,2.50000,11
E02000697,Merton 009,E09000024,Merton,E12000007,London,8217,8134,83,70.90000,3577,2.30000,32
E02000698,Merton 010,E09000024,Merton,E12000007,London,7816,7699,117,44.50000,3146,2.40000,19
E02000699,Merton 011,E09000024,Merton,E12000007,London,7689,7666,23,82.60000,3205,2.40000,13
E02000700,Merton 012,E09000024,Merton,E12000007,London,8290,8290,0,89.90000,3367,2.50000,9
E02000701,Merton 013,E09000024,Merton,E12000007,London,8416,8410,6,88.00000,3006,2.80000,20
E02000702,Merton 014,E09000024,Merton,E12000007,London,7638,7626,12,49.00000,2964,2.60000,24
E02000703,Merton 015,E09000024,Merton,E12000007,London,7825,7825,0,53.10000,2961,2.60000,11
E02000704,Merton 016,E09000024,Merton,E12000007,London,7742,7633,109,46.30000,3409,2.20000,29
E02000705,Merton 017,E09000024,Merton,E12000007,London,8124,8083,41,65.40000,2836,2.90000,17
E02000706,Merton 018,E09000024,Merton,E12000007,London,8605,8605,0,95.10000,3259,2.60000,17
E02000707,Merton 019,E09000024,Merton,E12000007,London,7486,7482,4,64.60000,2683,2.80000,17
E02000708,Merton 020,E09000024,Merton,E12000007,London,8286,8262,24,50.30000,3011,2.70000,13
E02000709,Merton 021,E09000024,Merton,E12000007,London,7701,7681,20,44.90000,2874,2.70000,20
E02000710,Merton 022,E09000024,Merton,E12000007,London,8329,8062,267,25.80000,3208,2.50000,49
E02000711,Merton 023,E09000024,Merton,E12000007,London,8158,8133,25,61.30000,3140,2.60000,27
E02000712,Merton 024,E09000024,Merton,E12000007,London,8709,8681,28,53.40000,3328,2.60000,17
E02000713,Merton 025,E09000024,Merton,E12000007,London,7490,7454,36,48.80000,2800,2.70000,18
E02000714,Newham 001,E09000025,Newham,E12000007,London,8133,8131,2,148.00000,2733,3.00000,6
E02000715,Newham 002,E09000025,Newham,E12000007,London,7381,7311,70,172.90000,2234,3.30000,8
E02000716,Newham 003,E09000025,Newham,E12000007,London,7354,7239,115,47.00000,2320,3.10000,11
E02000717,Newham 004,E09000025,Newham,E12000007,London,8101,8101,0,162.40000,2400,3.40000,13
E02000718,Newham 005,E09000025,Newham,E12000007,London,6844,6840,4,109.50000,2210,3.10000,3
E02000719,Newham 006,E09000025,Newham,E12000007,London,8216,8141,75,118.30000,2937,2.80000,9
E02000720,Newham 007,E09000025,Newham,E12000007,London,7483,7469,14,142.60000,2220,3.40000,6
E02000721,Newham 008,E09000025,Newham,E12000007,London,9665,9398,267,163.90000,2737,3.40000,18
E02000722,Newham 009,E09000025,Newham,E12000007,London,8226,8085,141,181.90000,2943,2.70000,9
E02000723,Newham 010,E09000025,Newham,E12000007,London,10600,10591,9,149.30000,2737,3.90000,18
E02000724,Newham 011,E09000025,Newham,E12000007,London,9415,9349,66,189.40000,2434,3.80000,4
E02000725,Newham 012,E09000025,Newham,E12000007,London,8876,8773,103,111.90000,3671,2.40000,18
E02000726,Newham 013,E09000025,Newham,E12000007,London,8892,8874,18,26.20000,3666,2.40000,52
E02000727,Newham 014,E09000025,Newham,E12000007,London,8305,8301,4,210.40000,2251,3.70000,14
E02000728,Newham 015,E09000025,Newham,E12000007,London,8227,8227,0,125.50000,2237,3.70000,0
E02000729,Newham 016,E09000025,Newham,E12000007,London,7080,7062,18,100.50000,2207,3.20000,11
E02000730,Newham 017,E09000025,Newham,E12000007,London,8992,8956,36,178.60000,2443,3.70000,12
E02000731,Newham 018,E09000025,Newham,E12000007,London,10073,10073,0,173.40000,2825,3.60000,16
E02000732,Newham 019,E09000025,Newham,E12000007,London,7566,7560,6,171.40000,2326,3.30000,3
E02000733,Newham 020,E09000025,Newham,E12000007,London,9754,9752,2,131.80000,3465,2.80000,12
E02000734,Newham 021,E09000025,Newham,E12000007,London,7642,7640,2,200.90000,2672,2.90000,11
E02000735,Newham 022,E09000025,Newham,E12000007,London,7582,7547,35,138.30000,2355,3.20000,8
E02000736,Newham 023,E09000025,Newham,E12000007,London,8571,8531,40,68.30000,2574,3.30000,24
E02000737,Newham 024,E09000025,Newham,E12000007,London,9434,9434,0,112.20000,3068,3.10000,12
E02000738,Newham 025,E09000025,Newham,E12000007,London,8467,8466,1,184.30000,2563,3.30000,7
E02000739,Newham 026,E09000025,Newham,E12000007,London,6894,6880,14,152.10000,2286,3.00000,17
E02000740,Newham 027,E09000025,Newham,E12000007,London,6779,6768,11,53.70000,2556,2.60000,18
E02000741,Newham 028,E09000025,Newham,E12000007,London,8261,8223,38,109.30000,2767,3.00000,16
E02000742,Newham 029,E09000025,Newham,E12000007,London,8005,7952,53,101.20000,2498,3.20000,16
E02000743,Newham 030,E09000025,Newham,E12000007,London,7866,7830,36,125.40000,2893,2.70000,20
E02000744,Newham 031,E09000025,Newham,E12000007,London,8029,8025,4,134.20000,2942,2.70000,8
E02000745,Newham 032,E09000025,Newham,E12000007,London,8141,8135,6,112.50000,2782,2.90000,8
E02000746,Newham 033,E09000025,Newham,E12000007,London,7382,6908,474,17.50000,2574,2.70000,47
E02000747,Newham 034,E09000025,Newham,E12000007,London,10646,10630,16,56.10000,4371,2.40000,40
E02000748,Newham 035,E09000025,Newham,E12000007,London,6240,5954,286,46.90000,2230,2.70000,29
E02000749,Newham 036,E09000025,Newham,E12000007,London,8183,8183,0,57.70000,3022,2.70000,19
E02000750,Newham 037,E09000025,Newham,E12000007,London,10679,10670,9,32.30000,4370,2.40000,42
E02000751,Redbridge 001,E09000026,Redbridge,E12000007,London,10422,10265,157,33.90000,4277,2.40000,27
E02000752,Redbridge 002,E09000026,Redbridge,E12000007,London,6815,6815,0,14.00000,2864,2.40000,33
E02000753,Redbridge 003,E09000026,Redbridge,E12000007,London,6138,6088,50,81.00000,2420,2.50000,18
E02000754,Redbridge 004,E09000026,Redbridge,E12000007,London,6440,6440,0,52.20000,2607,2.50000,8
E02000755,Redbridge 005,E09000026,Redbridge,E12000007,London,5218,5211,7,38.80000,2151,2.40000,12
E02000756,Redbridge 006,E09000026,Redbridge,E12000007,London,12630,12625,5,35.10000,4966,2.50000,33
E02000757,Redbridge 007,E09000026,Redbridge,E12000007,London,11516,11474,42,77.20000,4969,2.30000,22
E02000758,Redbridge 008,E09000026,Redbridge,E12000007,London,5953,5953,0,51.90000,2159,2.80000,9
E02000759,Redbridge 009,E09000026,Redbridge,E12000007,London,12044,12020,24,51.40000,4703,2.60000,30
E02000760,Redbridge 010,E09000026,Redbridge,E12000007,London,6957,6915,42,67.00000,2613,2.60000,19
E02000762,Redbridge 012,E09000026,Redbridge,E12000007,London,6290,6273,17,78.70000,2087,3.00000,9
E02000763,Redbridge 013,E09000026,Redbridge,E12000007,London,6928,6910,18,9.00000,2385,2.90000,23
E02000764,Redbridge 014,E09000026,Redbridge,E12000007,London,11865,11690,175,59.80000,5435,2.20000,30
E02000765,Redbridge 015,E09000026,Redbridge,E12000007,London,6319,6313,6,86.90000,2190,2.90000,11
E02000767,Redbridge 017,E09000026,Redbridge,E12000007,London,7616,7475,141,86.80000,2620,2.90000,16
E02000768,Redbridge 018,E09000026,Redbridge,E12000007,London,5660,5660,0,33.30000,2240,2.50000,11
E02000769,Redbridge 019,E09000026,Redbridge,E12000007,London,14257,14146,111,94.10000,5160,2.70000,16
E02000770,Redbridge 020,E09000026,Redbridge,E12000007,London,7562,7542,20,64.90000,2425,3.10000,6
E02000772,Redbridge 022,E09000026,Redbridge,E12000007,London,7946,7783,163,56.60000,2565,3.00000,25
E02000773,Redbridge 023,E09000026,Redbridge,E12000007,London,9198,9193,5,96.60000,2819,3.30000,18
E02000774,Redbridge 024,E09000026,Redbridge,E12000007,London,7218,7180,38,106.30000,2208,3.30000,5
E02000776,Redbridge 026,E09000026,Redbridge,E12000007,London,6372,6338,34,106.10000,2031,3.10000,10
E02000777,Redbridge 027,E09000026,Redbridge,E12000007,London,5883,5852,31,16.80000,2365,2.50000,19
E02000779,Redbridge 029,E09000026,Redbridge,E12000007,London,7751,7658,93,85.90000,2753,2.80000,7
E02000780,Redbridge 030,E09000026,Redbridge,E12000007,London,14666,14643,23,115.40000,4443,3.30000,25
E02000781,Redbridge 031,E09000026,Redbridge,E12000007,London,13672,13646,26,72.60000,4257,3.20000,26
E02000782,Redbridge 032,E09000026,Redbridge,E12000007,London,9289,9141,148,133.10000,2851,3.20000,10
E02000783,Redbridge 033,E09000026,Redbridge,E12000007,London,7255,7196,59,128.10000,2250,3.20000,8
E02000784,Richmond upon Thames 001,E09000027,Richmond upon Thames,E12000007,London,10299,10248,51,38.90000,4296,2.40000,22
E02000785,Richmond upon Thames 002,E09000027,Richmond upon Thames,E12000007,London,9695,9585,110,23.90000,4304,2.20000,29
E02000786,Richmond upon Thames 003,E09000027,Richmond upon Thames,E12000007,London,10919,10865,54,59.20000,4941,2.20000,27
E02000787,Richmond upon Thames 004,E09000027,Richmond upon Thames,E12000007,London,10768,10768,0,61.20000,4800,2.20000,28
E02000788,Richmond upon Thames 005,E09000027,Richmond upon Thames,E12000007,London,8692,8676,16,80.10000,3666,2.40000,12
E02000789,Richmond upon Thames 006,E09000027,Richmond upon Thames,E12000007,London,6196,6106,90,33.80000,2966,2.10000,17
E02000790,Richmond upon Thames 007,E09000027,Richmond upon Thames,E12000007,London,6193,6193,0,77.60000,2609,2.40000,10
E02000791,Richmond upon Thames 008,E09000027,Richmond upon Thames,E12000007,London,6137,5846,291,54.90000,2986,2.00000,25
E02000792,Richmond upon Thames 009,E09000027,Richmond upon Thames,E12000007,London,6989,6832,157,56.10000,3209,2.10000,13
E02000793,Richmond upon Thames 010,E09000027,Richmond upon Thames,E12000007,London,8122,7990,132,61.20000,3144,2.50000,14
E02000794,Richmond upon Thames 011,E09000027,Richmond upon Thames,E12000007,London,6609,6577,32,45.10000,2660,2.50000,20
E02000795,Richmond upon Thames 012,E09000027,Richmond upon Thames,E12000007,London,6898,6544,354,5.70000,2623,2.50000,16
E02000796,Richmond upon Thames 013,E09000027,Richmond upon Thames,E12000007,London,10313,10284,29,53.90000,3918,2.60000,19
E02000797,Richmond upon Thames 014,E09000027,Richmond upon Thames,E12000007,London,6979,6894,85,76.40000,3273,2.10000,14
E02000798,Richmond upon Thames 015,E09000027,Richmond upon Thames,E12000007,London,10528,10479,49,42.90000,4280,2.40000,29
E02000799,Richmond upon Thames 016,E09000027,Richmond upon Thames,E12000007,London,6415,5657,758,50.00000,2418,2.30000,19
E02000800,Richmond upon Thames 017,E09000027,Richmond upon Thames,E12000007,London,5184,5184,0,28.30000,2159,2.40000,7
E02000801,Richmond upon Thames 018,E09000027,Richmond upon Thames,E12000007,London,6608,6599,9,66.90000,2880,2.30000,18
E02000802,Richmond upon Thames 019,E09000027,Richmond upon Thames,E12000007,London,6747,6615,132,46.50000,2840,2.30000,17
E02000803,Richmond upon Thames 020,E09000027,Richmond upon Thames,E12000007,London,9387,9346,41,48.10000,4086,2.30000,34
E02000804,Richmond upon Thames 021,E09000027,Richmond upon Thames,E12000007,London,7106,7013,93,19.00000,3148,2.20000,10
E02000805,Richmond upon Thames 022,E09000027,Richmond upon Thames,E12000007,London,10221,9929,292,37.30000,4455,2.20000,15
E02000806,Richmond upon Thames 023,E09000027,Richmond upon Thames,E12000007,London,9985,9868,117,14.50000,4174,2.40000,44
E02000807,Southwark 001,E09000028,Southwark,E12000007,London,8313,8305,8,116.80000,3705,2.20000,13
E02000808,Southwark 002,E09000028,Southwark,E12000007,London,9102,8312,790,87.00000,4167,2.00000,36
E02000809,Southwark 003,E09000028,Southwark,E12000007,London,11711,11536,175,152.90000,5936,1.90000,27
E02000810,Southwark 004,E09000028,Southwark,E12000007,London,9144,9131,13,133.20000,4137,2.20000,18
E02000812,Southwark 006,E09000028,Southwark,E12000007,London,10290,9697,593,146.60000,4385,2.20000,22
E02000813,Southwark 007,E09000028,Southwark,E12000007,London,8591,8561,30,96.10000,3746,2.30000,28
E02000814,Southwark 008,E09000028,Southwark,E12000007,London,8652,8563,89,88.00000,3876,2.20000,20
E02000815,Southwark 009,E09000028,Southwark,E12000007,London,6497,5774,723,154.40000,2516,2.30000,12
E02000816,Southwark 010,E09000028,Southwark,E12000007,London,9043,9030,13,119.10000,3959,2.30000,18
E02000817,Southwark 011,E09000028,Southwark,E12000007,London,6494,6425,69,98.10000,2809,2.30000,13
E02000818,Southwark 012,E09000028,Southwark,E12000007,London,7534,7507,27,128.90000,3217,2.30000,23
E02000819,Southwark 013,E09000028,Southwark,E12000007,London,8315,8301,14,154.90000,3415,2.40000,11
E02000820,Southwark 014,E09000028,Southwark,E12000007,London,8503,8369,134,189.00000,3873,2.20000,12
E02000821,Southwark 015,E09000028,Southwark,E12000007,London,8386,8368,18,116.70000,3097,2.70000,12
E02000822,Southwark 016,E09000028,Southwark,E12000007,London,8111,8096,15,169.30000,3294,2.50000,4
E02000823,Southwark 017,E09000028,Southwark,E12000007,London,7733,7726,7,120.10000,3155,2.40000,16
E02000824,Southwark 018,E09000028,Southwark,E12000007,London,9568,9559,9,98.40000,3553,2.70000,18
E02000825,Southwark 019,E09000028,Southwark,E12000007,London,9649,9580,69,181.00000,3545,2.70000,6
E02000826,Southwark 020,E09000028,Southwark,E12000007,London,8888,8714,174,161.70000,3539,2.50000,6
E02000827,Southwark 021,E09000028,Southwark,E12000007,London,10359,10170,189,152.10000,4304,2.40000,24
E02000828,Southwark 022,E09000028,Southwark,E12000007,London,8383,8345,38,131.80000,3180,2.60000,21
E02000829,Southwark 023,E09000028,Southwark,E12000007,London,10389,10232,157,131.20000,4334,2.40000,13
E02000830,Southwark 024,E09000028,Southwark,E12000007,London,8870,8819,51,106.10000,3783,2.30000,10
E02000831,Southwark 025,E09000028,Southwark,E12000007,London,9378,9281,97,116.40000,3918,2.40000,16
E02000832,Southwark 026,E09000028,Southwark,E12000007,London,9960,9851,109,117.80000,4106,2.40000,20
E02000833,Southwark 027,E09000028,Southwark,E12000007,London,7755,7334,421,93.90000,2973,2.50000,14
E02000834,Southwark 028,E09000028,Southwark,E12000007,London,9199,9161,38,75.80000,4198,2.20000,25
E02000835,Southwark 029,E09000028,Southwark,E12000007,London,7236,7194,42,49.60000,2930,2.50000,22
E02000836,Southwark 030,E09000028,Southwark,E12000007,London,8240,8219,21,109.00000,3362,2.40000,15
E02000837,Southwark 031,E09000028,Southwark,E12000007,London,9085,9020,65,38.20000,3300,2.70000,40
E02000838,Southwark 032,E09000028,Southwark,E12000007,London,9180,9120,60,85.80000,3862,2.40000,29
E02000839,Southwark 033,E09000028,Southwark,E12000007,London,8036,7869,167,29.10000,3381,2.30000,38
E02000840,Sutton 001,E09000029,Sutton,E12000007,London,8171,8146,25,59.80000,3206,2.50000,18
E02000841,Sutton 002,E09000029,Sutton,E12000007,London,8721,8624,97,75.50000,3335,2.60000,19
E02000842,Sutton 003,E09000029,Sutton,E12000007,London,7666,7666,0,47.40000,2879,2.70000,15
E02000843,Sutton 004,E09000029,Sutton,E12000007,London,7495,7495,0,58.60000,3271,2.30000,17
E02000844,Sutton 005,E09000029,Sutton,E12000007,London,7779,7779,0,76.90000,3117,2.50000,18
E02000845,Sutton 006,E09000029,Sutton,E12000007,London,8867,8850,17,58.90000,3472,2.50000,3
E02000846,Sutton 007,E09000029,Sutton,E12000007,London,7053,6956,97,51.60000,2708,2.60000,12
E02000847,Sutton 008,E09000029,Sutton,E12000007,London,8798,8708,90,57.10000,3489,2.50000,11
E02000848,Sutton 009,E09000029,Sutton,E12000007,London,7889,7889,0,68.60000,2886,2.70000,11
E02000849,Sutton 010,E09000029,Sutton,E12000007,London,7485,7432,53,62.70000,3099,2.40000,16
E02000850,Sutton 011,E09000029,Sutton,E12000007,London,10309,10301,8,20.70000,4037,2.60000,38
E02000851,Sutton 012,E09000029,Sutton,E12000007,London,8330,8297,33,73.00000,4098,2.00000,25
E02000852,Sutton 013,E09000029,Sutton,E12000007,London,7434,7424,10,78.40000,3136,2.40000,16
E02000853,Sutton 014,E09000029,Sutton,E12000007,London,7592,7592,0,60.90000,3164,2.40000,12
E02000854,Sutton 015,E09000029,Sutton,E12000007,London,7101,7067,34,43.60000,2932,2.40000,13
E02000855,Sutton 016,E09000029,Sutton,E12000007,London,7787,7767,20,41.80000,3035,2.60000,12
E02000856,Sutton 017,E09000029,Sutton,E12000007,London,8176,8137,39,65.30000,3486,2.30000,16
E02000857,Sutton 018,E09000029,Sutton,E12000007,London,7905,7646,259,77.50000,4004,1.90000,14
E02000858,Sutton 019,E09000029,Sutton,E12000007,London,7691,7686,5,50.20000,3139,2.40000,22
E02000859,Sutton 020,E09000029,Sutton,E12000007,London,8165,7986,179,47.70000,3453,2.30000,20
E02000860,Sutton 021,E09000029,Sutton,E12000007,London,7598,7423,175,86.50000,3925,1.90000,10
E02000861,Sutton 022,E09000029,Sutton,E12000007,London,7497,7479,18,29.30000,2789,2.70000,16
E02000863,Sutton 024,E09000029,Sutton,E12000007,London,6367,6283,84,9.70000,2319,2.70000,22
E02000864,Tower Hamlets 001,E09000030,Tower Hamlets,E12000007,London,8297,8296,1,65.80000,3468,2.40000,24
E02000865,Tower Hamlets 002,E09000030,Tower Hamlets,E12000007,London,7051,6977,74,152.10000,2763,2.50000,8
E02000866,Tower Hamlets 003,E09000030,Tower Hamlets,E12000007,London,9662,9610,52,85.20000,3829,2.50000,25
E02000867,Tower Hamlets 004,E09000030,Tower Hamlets,E12000007,London,9761,9761,0,120.60000,4307,2.30000,14
E02000868,Tower Hamlets 005,E09000030,Tower Hamlets,E12000007,London,6632,6416,216,184.60000,2618,2.50000,8
E02000869,Tower Hamlets 006,E09000030,Tower Hamlets,E12000007,London,5705,5679,26,177.00000,2485,2.30000,3
E02000870,Tower Hamlets 007,E09000030,Tower Hamlets,E12000007,London,6477,6430,47,164.00000,2560,2.50000,6
E02000871,Tower Hamlets 008,E09000030,Tower Hamlets,E12000007,London,8591,8591,0,128.40000,3107,2.80000,21
E02000872,Tower Hamlets 009,E09000030,Tower Hamlets,E12000007,London,7501,7480,21,164.30000,3088,2.40000,6
E02000873,Tower Hamlets 010,E09000030,Tower Hamlets,E12000007,London,8713,7467,1246,172.60000,2792,2.70000,11
E02000874,Tower Hamlets 011,E09000030,Tower Hamlets,E12000007,London,7129,6879,250,207.90000,2494,2.80000,14
E02000875,Tower Hamlets 012,E09000030,Tower Hamlets,E12000007,London,9440,9379,61,141.40000,3437,2.70000,14
E02000876,Tower Hamlets 013,E09000030,Tower Hamlets,E12000007,London,7037,6900,137,130.70000,2750,2.50000,12
E02000877,Tower Hamlets 014,E09000030,Tower Hamlets,E12000007,London,9803,9748,55,121.30000,3252,3.00000,26
E02000878,Tower Hamlets 015,E09000030,Tower Hamlets,E12000007,London,10286,9451,835,161.10000,3900,2.40000,17
E02000879,Tower Hamlets 016,E09000030,Tower Hamlets,E12000007,London,7634,7417,217,172.00000,2855,2.60000,9
E02000880,Tower Hamlets 017,E09000030,Tower Hamlets,E12000007,London,5776,5634,142,155.10000,2090,2.70000,7
E02000881,Tower Hamlets 018,E09000030,Tower Hamlets,E12000007,London,6909,6909,0,98.00000,2379,2.90000,25
E02000882,Tower Hamlets 019,E09000030,Tower Hamlets,E12000007,London,8604,8563,41,149.80000,2884,3.00000,9
E02000883,Tower Hamlets 020,E09000030,Tower Hamlets,E12000007,London,7950,7853,97,168.10000,2880,2.70000,17
E02000884,Tower Hamlets 021,E09000030,Tower Hamlets,E12000007,London,9086,9021,65,166.60000,3707,2.40000,9
E02000885,Tower Hamlets 022,E09000030,Tower Hamlets,E12000007,London,6895,6873,22,204.10000,2509,2.70000,10
E02000886,Tower Hamlets 023,E09000030,Tower Hamlets,E12000007,London,7326,7326,0,149.70000,3185,2.30000,10
E02000887,Tower Hamlets 024,E09000030,Tower Hamlets,E12000007,London,8660,8585,75,148.60000,3165,2.70000,11
E02000888,Tower Hamlets 025,E09000030,Tower Hamlets,E12000007,London,8215,8210,5,155.90000,3306,2.50000,17
E02000889,Tower Hamlets 026,E09000030,Tower Hamlets,E12000007,London,6616,6549,67,114.10000,2879,2.30000,14
E02000890,Tower Hamlets 027,E09000030,Tower Hamlets,E12000007,London,5795,5795,0,103.00000,3093,1.90000,20
E02000891,Tower Hamlets 028,E09000030,Tower Hamlets,E12000007,London,12678,12678,0,83.10000,5742,2.20000,53
E02000893,Tower Hamlets 030,E09000030,Tower Hamlets,E12000007,London,6783,6783,0,94.40000,2912,2.30000,17
E02000894,Tower Hamlets 031,E09000030,Tower Hamlets,E12000007,London,10137,10137,0,185.00000,4510,2.20000,11
E02000895,Waltham Forest 001,E09000031,Waltham Forest,E12000007,London,7979,7962,17,36.40000,3271,2.40000,26
E02000896,Waltham Forest 002,E09000031,Waltham Forest,E12000007,London,8814,8719,95,31.30000,3758,2.30000,23
E02000897,Waltham Forest 003,E09000031,Waltham Forest,E12000007,London,8077,7991,86,42.90000,3345,2.40000,17
E02000898,Waltham Forest 004,E09000031,Waltham Forest,E12000007,London,7750,7677,73,50.60000,3065,2.50000,17
E02000899,Waltham Forest 005,E09000031,Waltham Forest,E12000007,London,7920,7866,54,65.80000,3090,2.50000,15
E02000900,Waltham Forest 006,E09000031,Waltham Forest,E12000007,London,8088,8062,26,52.10000,2986,2.70000,17
E02000901,Waltham Forest 007,E09000031,Waltham Forest,E12000007,London,9371,9302,69,54.50000,3553,2.60000,18
E02000902,Waltham Forest 008,E09000031,Waltham Forest,E12000007,London,8231,8229,2,67.70000,3101,2.70000,15
E02000903,Waltham Forest 009,E09000031,Waltham Forest,E12000007,London,9043,9043,0,46.00000,3179,2.80000,24
E02000904,Waltham Forest 010,E09000031,Waltham Forest,E12000007,London,8228,8213,15,56.40000,2900,2.80000,24
E02000905,Waltham Forest 011,E09000031,Waltham Forest,E12000007,London,9589,9512,77,91.40000,3465,2.70000,13
E02000906,Waltham Forest 012,E09000031,Waltham Forest,E12000007,London,9248,9246,2,149.60000,3507,2.60000,10
E02000907,Waltham Forest 013,E09000031,Waltham Forest,E12000007,London,9998,9634,364,111.90000,3885,2.50000,22
E02000908,Waltham Forest 014,E09000031,Waltham Forest,E12000007,London,10516,10516,0,44.60000,4348,2.40000,21
E02000909,Waltham Forest 015,E09000031,Waltham Forest,E12000007,London,8640,8635,5,62.10000,3459,2.50000,19
E02000910,Waltham Forest 016,E09000031,Waltham Forest,E12000007,London,10698,10647,51,135.30000,4005,2.70000,12
E02000911,Waltham Forest 017,E09000031,Waltham Forest,E12000007,London,10872,10868,4,122.10000,4115,2.60000,32
E02000912,Waltham Forest 018,E09000031,Waltham Forest,E12000007,London,9238,9143,95,37.00000,3151,2.90000,7
E02000913,Waltham Forest 019,E09000031,Waltham Forest,E12000007,London,8706,8660,46,82.40000,2968,2.90000,20
E02000914,Waltham Forest 020,E09000031,Waltham Forest,E12000007,London,10594,10499,95,151.40000,3689,2.80000,15
E02000915,Waltham Forest 021,E09000031,Waltham Forest,E12000007,London,8643,8399,244,57.90000,3305,2.50000,22
E02000916,Waltham Forest 022,E09000031,Waltham Forest,E12000007,London,9485,9482,3,42.70000,3506,2.70000,20
E02000917,Waltham Forest 023,E09000031,Waltham Forest,E12000007,London,9171,9148,23,135.10000,3396,2.70000,9
E02000918,Waltham Forest 024,E09000031,Waltham Forest,E12000007,London,9126,9041,85,109.60000,3449,2.60000,19
E02000919,Waltham Forest 025,E09000031,Waltham Forest,E12000007,London,9221,9200,21,164.00000,3225,2.90000,12
E02000920,Waltham Forest 026,E09000031,Waltham Forest,E12000007,London,9479,9471,8,54.30000,3434,2.80000,25
E02000921,Waltham Forest 027,E09000031,Waltham Forest,E12000007,London,11001,10979,22,131.00000,3966,2.80000,14
E02000922,Waltham Forest 028,E09000031,Waltham Forest,E12000007,London,10523,10471,52,161.20000,3740,2.80000,15
E02000923,Wandsworth 001,E09000032,Wandsworth,E12000007,London,7474,7337,137,69.80000,3632,2.00000,12
E02000924,Wandsworth 002,E09000032,Wandsworth,E12000007,London,11131,11128,3,55.00000,5295,2.10000,34
E02000925,Wandsworth 003,E09000032,Wandsworth,E12000007,London,7848,7811,37,177.60000,3412,2.30000,6
E02000926,Wandsworth 004,E09000032,Wandsworth,E12000007,London,8936,8876,60,141.90000,4283,2.10000,14
E02000927,Wandsworth 005,E09000032,Wandsworth,E12000007,London,6790,6790,0,150.90000,3228,2.10000,8
E02000928,Wandsworth 006,E09000032,Wandsworth,E12000007,London,8458,8448,10,90.00000,3635,2.30000,11
E02000929,Wandsworth 007,E09000032,Wandsworth,E12000007,London,7277,7277,0,180.60000,3201,2.30000,11
E02000930,Wandsworth 008,E09000032,Wandsworth,E12000007,London,9676,9649,27,119.40000,4382,2.20000,16
E02000931,Wandsworth 009,E09000032,Wandsworth,E12000007,London,8474,8474,0,106.50000,3532,2.40000,6
E02000932,Wandsworth 010,E09000032,Wandsworth,E12000007,London,10296,10296,0,81.30000,4777,2.20000,35
E02000933,Wandsworth 011,E09000032,Wandsworth,E12000007,London,8781,8760,21,81.70000,3872,2.30000,12
E02000934,Wandsworth 012,E09000032,Wandsworth,E12000007,London,9105,9040,65,116.00000,4325,2.10000,24
E02000935,Wandsworth 013,E09000032,Wandsworth,E12000007,London,6850,5946,904,48.00000,2468,2.40000,9
E02000936,Wandsworth 014,E09000032,Wandsworth,E12000007,London,8330,8252,78,92.40000,4057,2.00000,13
E02000937,Wandsworth 015,E09000032,Wandsworth,E12000007,London,7724,7711,13,62.60000,3130,2.50000,15
E02000938,Wandsworth 016,E09000032,Wandsworth,E12000007,London,9546,9271,275,54.20000,4032,2.30000,21
E02000939,Wandsworth 017,E09000032,Wandsworth,E12000007,London,7968,7760,208,109.40000,2915,2.70000,10
E02000940,Wandsworth 018,E09000032,Wandsworth,E12000007,London,7835,7814,21,111.80000,3494,2.20000,20
E02000941,Wandsworth 019,E09000032,Wandsworth,E12000007,London,9941,9841,100,93.70000,4125,2.40000,17
E02000942,Wandsworth 020,E09000032,Wandsworth,E12000007,London,9665,9633,32,95.60000,3794,2.50000,13
E02000943,Wandsworth 021,E09000032,Wandsworth,E12000007,London,8402,8388,14,119.10000,3708,2.30000,14
E02000944,Wandsworth 022,E09000032,Wandsworth,E12000007,London,7206,6923,283,123.00000,2856,2.40000,10
E02000945,Wandsworth 023,E09000032,Wandsworth,E12000007,London,7620,7044,576,34.50000,2764,2.50000,28
E02000946,Wandsworth 024,E09000032,Wandsworth,E12000007,London,8795,7621,1174,82.50000,3172,2.40000,16
E02000947,Wandsworth 025,E09000032,Wandsworth,E12000007,London,8675,8675,0,104.20000,3820,2.30000,7
E02000948,Wandsworth 026,E09000032,Wandsworth,E12000007,London,9877,9818,59,74.40000,4493,2.20000,8
E02000949,Wandsworth 027,E09000032,Wandsworth,E12000007,London,9805,9525,280,70.10000,4072,2.30000,14
E02000950,Wandsworth 028,E09000032,Wandsworth,E12000007,London,7578,7541,37,88.20000,3233,2.30000,17
E02000951,Wandsworth 029,E09000032,Wandsworth,E12000007,London,6650,6522,128,135.30000,2946,2.20000,11
E02000952,Wandsworth 030,E09000032,Wandsworth,E12000007,London,6257,6205,52,112.00000,2644,2.30000,7
E02000953,Wandsworth 031,E09000032,Wandsworth,E12000007,London,7084,6758,326,102.90000,3113,2.20000,10
E02000954,Wandsworth 032,E09000032,Wandsworth,E12000007,London,6429,6426,3,142.80000,2299,2.80000,3
E02000955,Wandsworth 033,E09000032,Wandsworth,E12000007,London,6714,6712,2,119.70000,2527,2.70000,3
E02000956,Wandsworth 034,E09000032,Wandsworth,E12000007,London,7705,7664,41,89.90000,3066,2.50000,26
E02000957,Wandsworth 035,E09000032,Wandsworth,E12000007,London,10589,10496,93,142.40000,4238,2.50000,17
E02000958,Wandsworth 036,E09000032,Wandsworth,E12000007,London,8271,8065,206,92.80000,2973,2.70000,10
E02000959,Wandsworth 037,E09000032,Wandsworth,E12000007,London,7233,7151,82,138.50000,2980,2.40000,10
E02000960,Westminster 001,E09000033,Westminster,E12000007,London,6620,6499,121,71.80000,3055,2.10000,11
E02000961,Westminster 002,E09000033,Westminster,E12000007,London,9442,9380,62,116.20000,4064,2.30000,11
E02000962,Westminster 003,E09000033,Westminster,E12000007,London,8624,8614,10,124.30000,4424,1.90000,15
E02000963,Westminster 004,E09000033,Westminster,E12000007,London,10363,10303,60,212.90000,4141,2.50000,7
E02000964,Westminster 005,E09000033,Westminster,E12000007,London,12549,12458,91,246.70000,5638,2.20000,19
E02000965,Westminster 006,E09000033,Westminster,E12000007,London,8627,8604,23,175.60000,3981,2.20000,4
E02000966,Westminster 007,E09000033,Westminster,E12000007,London,9708,9661,47,173.30000,4714,2.00000,13
E02000967,Westminster 008,E09000033,Westminster,E12000007,London,7289,7093,196,51.50000,3653,1.90000,30
E02000968,Westminster 009,E09000033,Westminster,E12000007,London,14358,14199,159,235.90000,5713,2.50000,15
E02000969,Westminster 010,E09000033,Westminster,E12000007,London,9329,9060,269,171.80000,3719,2.40000,13
E02000970,Westminster 011,E09000033,Westminster,E12000007,London,8983,8916,67,82.90000,4874,1.80000,23
E02000971,Westminster 012,E09000033,Westminster,E12000007,London,8408,8191,217,155.50000,4354,1.90000,25
E02000972,Westminster 013,E09000033,Westminster,E12000007,London,8333,7617,716,64.50000,4503,1.70000,46
E02000973,Westminster 014,E09000033,Westminster,E12000007,London,10090,10031,59,186.00000,5312,1.90000,9
E02000974,Westminster 015,E09000033,Westminster,E12000007,London,8794,8448,346,127.60000,4380,1.90000,16
E02000975,Westminster 016,E09000033,Westminster,E12000007,London,8757,8391,366,180.80000,4621,1.80000,18
E02000976,Westminster 017,E09000033,Westminster,E12000007,London,9946,9766,180,215.40000,5041,1.90000,17
E02000977,Westminster 018,E09000033,Westminster,E12000007,London,7490,6719,771,29.80000,3895,1.70000,75
E02000978,Westminster 019,E09000033,Westminster,E12000007,London,9270,7862,1408,25.80000,3882,2.00000,40
E02000979,Westminster 020,E09000033,Westminster,E12000007,London,8081,7317,764,58.10000,3892,1.90000,46
E02000980,Westminster 021,E09000033,Westminster,E12000007,London,8684,8626,58,193.70000,4498,1.90000,17
E02000981,Westminster 022,E09000033,Westminster,E12000007,London,8991,8866,125,247.20000,4853,1.80000,7
E02000982,Westminster 023,E09000033,Westminster,E12000007,London,8226,8198,28,126.00000,4143,2.00000,33
E02000983,Westminster 024,E09000033,Westminster,E12000007,London,8434,8389,45,223.40000,4422,1.90000,13
E02006782,Bromley 040,E09000006,Bromley,E12000007,London,7648,7565,83,29.40000,3091,2.40000,17
E02006783,Lewisham 037,E09000023,Lewisham,E12000007,London,7208,7208,0,76.80000,2893,2.50000,21
E02006784,Lewisham 038,E09000023,Lewisham,E12000007,London,7359,7358,1,51.00000,3168,2.30000,23
E02006785,Bexley 029,E09000004,Bexley,E12000007,London,6384,6384,0,46.90000,2567,2.50000,16
E02006786,Greenwich 033,E09000011,Greenwich,E12000007,London,6894,6894,0,55.40000,2599,2.70000,16
E02006787,Bromley 041,E09000006,Bromley,E12000007,London,7594,7575,19,50.40000,3034,2.50000,24
E02006788,Croydon 045,E09000008,Croydon,E12000007,London,7520,7520,0,54.00000,2903,2.60000,15
E02006789,Bromley 042,E09000006,Bromley,E12000007,London,6428,6415,13,2.90000,2662,2.40000,39
E02006791,Ealing 040,E09000009,Ealing,E12000007,London,6711,6711,0,97.90000,3068,2.20000,10
E02006792,Hounslow 029,E09000018,Hounslow,E12000007,London,8393,8335,58,57.90000,4035,2.10000,31
E02006793,Enfield 037,E09000010,Enfield,E12000007,London,8908,8825,83,89.90000,3356,2.60000,21
E02006794,Haringey 037,E09000014,Haringey,E12000007,London,7306,7277,29,105.40000,2911,2.50000,11
E02006795,Harrow 032,E09000015,Harrow,E12000007,London,8124,8108,16,84.10000,2639,3.10000,11
E02006796,Hillingdon 033,E09000017,Hillingdon,E12000007,London,8438,8404,34,19.60000,3321,2.50000,24
E02006798,Lewisham 039,E09000023,Lewisham,E12000007,London,7548,7375,173,91.90000,3210,2.30000,18
E02006799,Barking and Dagenham 023,E09000002,Barking and Dagenham,E12000007,London,9756,9695,61,83.80000,3624,2.70000,25
E02006800,Redbridge 034,E09000026,Redbridge,E12000007,London,13069,13014,55,79.40000,4170,3.10000,16
E02006801,Lambeth 036,E09000022,Lambeth,E12000007,London,8081,7557,524,70.80000,3840,2.00000,53
E02006802,Southwark 034,E09000028,Southwark,E12000007,London,7689,6391,1298,111.50000,2867,2.20000,32
E02006836,Sutton 025,E09000029,Sutton,E12000007,London,8270,8062,208,24.80000,3195,2.50000,10
E02006853,Tower Hamlets 032,E09000030,Tower Hamlets,E12000007,London,7064,7063,1,141.40000,3320,2.10000,5
E02006854,Tower Hamlets 033,E09000030,Tower Hamlets,E12000007,London,5883,5883,0,64.40000,2991,2.00000,30
E02006882,Harrow 033,E09000015,Harrow,E12000007,London,14174,14103,71,66.60000,4342,3.20000,19
E02006918,Hackney 028,E09000012,Hackney,E12000007,London,7611,7611,0,146.70000,3113,2.40000,15
E02006921,Hackney 029,E09000012,Hackney,E12000007,London,7744,7739,5,171.00000,2909,2.70000,14
E02006924,Redbridge 035,E09000026,Redbridge,E12000007,London,12780,12623,157,53.10000,4020,3.10000,26
E02006925,Redbridge 036,E09000026,Redbridge,E12000007,London,13241,13241,0,53.10000,4102,3.20000,27
E02006927,Greenwich 034,E09000011,Greenwich,E12000007,London,8315,8241,74,33.00000,3338,2.50000,32
E02006928,Greenwich 035,E09000011,Greenwich,E12000007,London,7341,6410,931,136.00000,2977,2.20000,15
E02006929,Greenwich 036,E09000011,Greenwich,E12000007,London,7490,7489,1,29.40000,3333,2.20000,35
E02006930,Greenwich 037,E09000011,Greenwich,E12000007,London,6561,6557,4,75.60000,2876,2.30000,22
E02006931,Greenwich 038,E09000011,Greenwich,E12000007,London,9186,8973,213,46.10000,4113,2.20000,29
